data;tydzien;suma przyjazdu (ogolem);suma wyjazdu (ogolem);suma przyjazdu (Polska);suma wyjazdu (Polska);suma przyjazdu (Ukraina);suma wyjazdu (Ukraina);suma przyjazdu (Niemcy);suma wyjazdu (Niemcy);suma przyjazdu (Stany Zjednoczone);suma wyjazdu (Stany Zjednoczone);suma przyjazdu (Rumunia);suma wyjazdu (Rumunia);suma przyjazdu (Wielka Brytania);suma wyjazdu (Wielka Brytania);suma przyjazdu (Moldawia);suma wyjazdu (Moldawia);suma przyjazdu (inne);suma wyjazdu (inne);suma przyjazdu (oddzial Nadbuzanski);suma wyjazdu (oddzial Nadbuzanski);suma przyjazdu (oddzial Bieszczadzki);suma wyjazdu (oddzial Bieszczadzki);suma przyjazdu (pg drogowe);suma wyjazdu (pg drogowe);suma przyjazdu (pg kolejowe);suma wyjazdu (pg kolejowe)
01.01.2022;1;3775;3746;372;318;2958;3160;154;50;0;27;58;46;3;2;7;16;223;127;1284;1371;2491;2375;3587;3585;188;161
02.01.2022;2;11093;7418;1238;576;8854;6452;220;104;2;3;165;45;7;8;29;20;578;210;3903;2459;7190;4959;10459;6977;634;441
03.01.2022;2;13530;12080;680;864;12088;10797;201;67;0;2;160;88;8;1;34;35;359;226;4561;3987;8969;8093;13111;11600;419;480
04.01.2022;2;11705;15215;654;975;10507;13811;200;59;0;3;96;86;3;5;42;48;203;228;4382;5717;7323;9498;11394;14803;311;412
05.01.2022;2;9413;17498;703;1311;8149;15597;209;91;0;3;72;150;2;6;43;54;235;286;3790;6554;5623;10944;9016;16977;397;521
06.01.2022;2;5838;9919;457;977;4890;8487;184;62;0;0;65;79;4;5;37;81;201;228;2726;4487;3112;5432;5515;9598;323;321
07.01.2022;2;7276;3721;459;334;5996;3045;296;53;2;3;153;43;10;1;53;77;307;165;2897;1440;4379;2281;6850;3516;426;205
08.01.2022;2;15536;5193;1071;336;12694;4465;469;50;5;0;611;56;11;0;55;80;620;206;5435;1952;10101;3241;14623;4925;913;268
09.01.2022;3;25477;5956;1625;495;22464;5115;244;60;3;2;490;68;4;0;57;27;590;189;9203;2333;16274;3623;24029;5600;1448;356
10.01.2022;3;24366;7077;1240;640;22421;6119;111;30;2;2;199;59;7;0;46;70;340;157;9061;2788;15305;4289;23445;6848;921;229
11.01.2022;3;21615;9943;961;536;19972;8964;80;40;0;1;211;123;4;1;51;118;336;160;8099;4137;13516;5806;20872;9730;743;213
12.01.2022;3;18230;11444;832;522;16796;10463;87;41;2;4;209;136;3;3;64;83;237;192;6633;4589;11597;6855;17695;11208;535;236
13.01.2022;3;14940;10298;687;482;13715;9391;70;31;4;5;129;113;4;1;64;111;267;164;4972;4091;9968;6207;14505;10115;435;183
14.01.2022;3;12786;8362;627;506;11559;7433;91;25;3;1;193;101;12;0;45;129;256;167;4800;3121;7986;5241;12351;8140;435;222
15.01.2022;3;18992;11615;670;426;17300;10649;111;65;1;3;531;120;1;3;45;146;333;203;6570;4518;12422;7097;18381;11337;611;278
16.01.2022;4;22827;11200;595;552;21368;10188;74;48;1;2;424;108;11;2;53;67;301;233;7501;4048;15326;7152;22256;10934;571;266
17.01.2022;4;15258;11210;546;596;14331;10213;40;20;0;0;129;170;4;1;43;76;165;134;6044;3960;9214;7250;14860;11041;398;169
18.01.2022;4;10959;9308;517;551;10026;8254;47;23;0;0;171;164;0;1;43;153;155;162;4391;4191;6568;5117;10609;9147;350;161
19.01.2022;4;11105;6334;493;444;10122;5532;53;26;0;2;164;88;3;0;62;79;208;163;4298;3101;6807;3233;10737;6165;368;169
20.01.2022;4;15216;7973;504;379;14288;7228;35;37;0;7;172;84;3;1;33;81;181;156;5343;3579;9873;4394;14881;7809;335;164
21.01.2022;4;17902;10934;655;497;16768;10029;39;29;1;1;188;93;1;3;67;130;183;152;6016;4499;11886;6435;17529;10729;373;205
22.01.2022;4;18811;11677;566;382;17275;10795;77;42;2;0;629;113;6;5;38;127;218;213;5706;4896;13105;6781;18387;11460;424;217
23.01.2022;5;19067;9406;507;428;18065;8466;48;46;0;2;225;127;1;1;46;75;175;261;6060;3617;13007;5789;18605;9211;462;195
24.01.2022;5;15165;9856;391;635;14428;8711;34;40;1;8;113;181;1;2;42;64;155;215;5359;3471;9806;6385;14854;9660;311;196
25.01.2022;5;16032;10399;469;452;15173;9516;39;20;10;2;117;136;17;7;48;113;159;153;5770;4392;10262;6007;15734;10218;298;181
26.01.2022;5;16247;10111;504;424;15227;9343;35;43;1;0;231;110;2;1;62;62;185;128;5290;4427;10957;5684;15936;9928;311;183
27.01.2022;5;16330;10283;578;405;15260;9540;40;22;0;0;194;91;2;0;46;77;210;148;5035;4024;11295;6259;16038;9998;292;285
28.01.2022;5;15948;11905;564;414;14919;11129;37;34;0;5;174;104;4;1;48;101;202;117;5489;4995;10459;6910;15606;11623;342;282
29.01.2022;5;17589;13663;514;468;16269;12638;91;90;0;0;433;171;4;4;39;138;239;154;5466;5702;12123;7961;17213;13388;376;275
30.01.2022;6;17188;10918;451;483;16262;9891;38;74;1;3;177;192;1;1;22;59;236;215;5322;4349;11866;6569;16759;10710;429;208
31.01.2022;6;14123;10193;382;559;13465;9263;29;24;0;1;103;135;0;1;24;70;120;140;4685;3455;9438;6738;13815;9976;308;217
01.02.2022;6;15814;11460;412;483;15048;10490;40;32;1;5;124;161;0;4;40;115;149;170;5874;4796;9940;6664;15554;11255;260;205
02.02.2022;6;16552;10463;466;381;15590;9759;53;33;9;1;222;90;1;1;61;48;150;150;5299;4587;11253;5876;16289;10294;263;169
03.02.2022;6;15128;10184;479;488;14226;9366;27;32;1;1;158;79;3;5;60;80;174;133;4575;4227;10553;5957;14848;9997;280;187
04.02.2022;6;15731;11903;563;483;14748;10962;34;32;2;5;166;119;3;3;48;142;167;157;5248;4559;10483;7344;15432;11692;299;211
05.02.2022;6;16457;13015;531;419;15288;12108;84;70;3;0;285;129;0;1;35;109;231;179;5665;5481;10792;7534;16166;12813;291;202
06.02.2022;7;15396;10025;504;420;14513;9172;46;63;0;2;117;112;2;3;22;79;192;174;4871;3801;10525;6224;15075;9842;321;183
07.02.2022;7;13813;9972;450;584;13143;8967;19;28;1;2;65;191;0;1;21;74;114;125;5063;3736;8750;6236;13559;9807;254;165
08.02.2022;7;14521;10106;471;481;13769;9243;21;23;1;0;84;110;4;1;47;88;124;160;5182;4086;9339;6020;14273;9922;248;184
09.02.2022;7;15564;10634;520;501;14636;9784;40;29;1;2;165;99;3;0;64;55;135;164;5213;4678;10351;5956;15281;10437;283;197
10.02.2022;7;16623;11146;572;499;15665;10274;41;51;1;1;117;91;18;0;40;100;169;130;5280;4448;11343;6698;16315;10947;308;199
11.02.2022;7;17191;13634;660;621;16121;12562;48;56;0;2;115;90;0;0;40;113;207;190;5643;5256;11548;8378;16848;13361;343;273
12.02.2022;7;16109;14332;608;477;14917;13152;73;71;2;0;222;179;4;2;38;175;245;276;5404;5890;10705;8442;15745;14065;364;267
13.02.2022;8;16160;11823;572;555;14649;10566;91;92;227;9;98;167;22;4;52;74;449;356;5778;4750;10382;7073;15693;11571;467;252
14.02.2022;8;15652;10927;594;651;14541;9849;67;36;42;3;114;157;13;1;40;72;241;158;5566;3814;10086;7113;15179;10722;473;205
15.02.2022;8;15924;10245;680;503;14757;9274;77;32;28;6;81;137;12;11;40;134;249;148;5841;4170;10083;6075;15321;10012;603;233
16.02.2022;8;18090;11219;593;424;16948;10434;51;37;24;4;188;105;8;7;47;85;231;123;6334;4660;11756;6559;17678;11022;412;197
17.02.2022;8;17305;11595;525;442;16347;10786;54;34;8;2;105;93;13;4;35;99;218;135;5964;4966;11341;6629;16884;11365;421;230
18.02.2022;8;16718;13408;503;422;15689;12501;37;44;14;2;106;122;6;3;30;121;333;193;5985;5163;10733;8245;16319;13162;399;246
19.02.2022;8;17525;13840;525;405;16300;12841;57;65;21;9;207;140;8;7;58;167;349;206;5819;5481;11706;8359;17025;13635;500;205
20.02.2022;9;17002;10963;445;438;16134;10017;56;56;16;5;91;156;4;10;50;93;206;188;5643;4426;11359;6537;16437;10726;565;237
21.02.2022;9;15400;11120;419;571;14535;10074;33;37;70;11;99;173;5;3;36;102;203;149;5555;3956;9845;7164;14944;10910;456;210
22.02.2022;9;16119;10849;565;517;15125;9819;34;47;28;12;106;153;0;3;33;138;228;160;5938;4137;10181;6712;15688;10653;431;196
23.02.2022;9;17864;11277;582;444;16789;10400;60;24;23;21;148;91;8;8;48;85;206;204;6232;4932;11632;6345;17341;11076;523;201
24.02.2022;9;31178;9709;1082;372;28497;9069;220;41;198;0;99;52;71;4;27;42;984;129;14334;4335;16844;5374;29919;9506;1259;203
25.02.2022;9;47467;10841;1120;411;43308;9965;231;94;241;5;72;35;117;15;16;15;2362;301;25021;4418;22446;6423;45375;10583;2092;258
26.02.2022;9;77253;11049;678;471;70700;10043;223;101;234;15;59;34;75;20;29;20;5255;345;41287;4742;35966;6307;73179;10497;4074;552
27.02.2022;10;98999;10095;884;578;88368;9015;203;87;239;27;50;42;89;15;28;11;9138;320;49205;4123;49794;5972;91956;9842;7043;253
28.02.2022;10;100015;8363;770;448;88691;7447;198;48;159;28;38;40;82;46;34;7;10043;299;50000;3675;50015;4688;89433;7895;10582;468
01.03.2022;10;98305;10360;806;677;88474;9093;154;71;160;39;32;38;88;57;33;9;8558;376;46627;4707;51678;5653;87441;9578;10864;782
02.03.2022;10;98454;10110;1075;836;89751;8605;167;97;133;46;83;25;67;40;21;15;7157;446;51548;4620;46906;5490;87722;9509;10732;601
03.03.2022;10;99641;10418;1124;1138;92744;8297;173;162;102;80;33;32;72;103;33;14;5360;592;48963;4506;50678;5912;88826;9703;10815;715
04.03.2022;10;106331;9362;1014;1110;100468;7335;154;178;122;68;17;26;79;75;33;4;4444;566;48509;4317;57822;5045;93709;8706;12622;656
05.03.2022;10;128967;11977;1388;1671;123365;8961;301;353;140;78;43;34;51;83;42;13;3637;784;59445;5118;69522;6859;113310;11178;15657;799
06.03.2022;11;142298;10575;1455;1100;137019;8386;306;248;141;121;24;34;50;82;42;9;3261;595;66705;4548;75593;6027;128918;9932;13380;643
07.03.2022;11;141415;8442;857;780;136915;6951;218;143;150;85;21;25;112;52;33;3;3109;403;69414;3757;72001;4685;121568;7703;19847;739
08.03.2022;11;127277;9329;955;967;123104;7436;203;170;132;95;23;18;77;79;30;10;2753;554;64371;4217;62906;5112;113780;8653;13497;676
09.03.2022;11;117503;10247;1104;1094;112608;8098;219;174;120;88;34;27;87;94;38;9;3293;663;61123;4764;56380;5483;98825;9337;18678;910
10.03.2022;11;86945;11492;1120;1110;81883;9241;254;227;124;151;25;25;82;105;17;13;3440;620;42927;5121;44018;6371;72851;10459;14094;1033
11.03.2022;11;77139;10784;1074;1049;73466;8584;253;249;121;128;29;19;74;91;25;11;2097;653;37259;4880;39880;5904;64353;9995;12786;789
12.03.2022;11;79581;12258;1473;1583;75620;9151;409;471;129;156;49;27;107;92;20;29;1774;749;38786;5121;40795;7137;69490;11580;10091;678
13.03.2022;12;81341;10205;1218;919;77905;8279;288;201;128;102;21;45;90;70;21;24;1670;565;32573;4724;48768;5481;71365;9654;9976;551
14.03.2022;12;71616;8791;681;697;69041;7194;135;103;115;139;17;27;84;88;23;12;1520;531;32008;3888;39608;4903;59306;8371;12310;420
15.03.2022;12;66619;10498;832;800;63839;8758;156;131;149;127;20;16;96;84;22;11;1505;571;29257;4540;37362;5958;56217;9785;10402;713
16.03.2022;12;60116;10879;898;868;57375;8943;181;183;127;124;35;19;120;123;27;10;1353;609;27157;4897;32959;5982;48990;10223;11126;656
17.03.2022;12;52334;10966;872;829;49763;9103;187;162;161;128;34;26;111;81;28;9;1178;628;20163;4684;32171;6282;44178;10243;8156;723
18.03.2022;12;42658;11543;833;875;40255;9499;155;174;147;144;13;26;104;116;14;10;1137;699;18010;5001;24648;6542;35526;10690;7132;853
19.03.2022;12;40094;14168;1102;1164;37248;11492;349;359;140;135;36;45;95;109;22;51;1102;813;15537;6276;24557;7892;34568;13533;5526;635
20.03.2022;13;33801;11671;886;733;31296;9711;227;196;147;127;16;33;143;134;23;19;1063;718;14154;5015;19647;6656;28533;11016;5268;655
21.03.2022;13;30081;9731;580;567;28200;8110;114;113;155;133;12;25;117;139;9;11;894;633;13374;3763;16707;5968;26108;9250;3973;481
22.03.2022;13;31052;10757;724;775;29029;8909;111;106;188;197;22;40;130;123;11;21;837;586;13507;4281;17545;6476;26095;10299;4957;458
23.03.2022;13;30269;11233;671;700;28306;9472;109;115;156;160;27;27;101;115;14;18;885;626;11866;4729;18403;6504;27262;10603;3007;630
24.03.2022;13;32522;12074;816;807;30214;10124;142;121;162;206;15;16;139;137;22;17;1012;646;12946;4772;19576;7302;28986;11474;3536;600
25.03.2022;13;30453;13318;753;848;28244;11162;211;227;168;194;22;25;116;101;15;27;924;734;12518;5748;17935;7570;27597;12760;2856;558
26.03.2022;13;31123;16901;1078;1119;28452;14312;381;404;161;174;32;36;108;120;20;7;891;729;12379;7295;18744;9606;28793;16302;2330;599
27.03.2022;14;26994;13502;932;736;24618;11713;168;131;179;138;19;28;133;125;15;9;930;622;11202;5597;15792;7905;24575;13051;2419;451
28.03.2022;14;21019;12180;507;532;19479;10683;93;105;162;176;17;31;84;94;19;12;658;547;9078;4905;11941;7275;18979;11596;2040;584
29.03.2022;14;22392;13046;599;613;20717;11442;96;106;198;168;19;38;125;129;10;15;628;535;9261;5527;13131;7519;20829;12715;1563;331
30.03.2022;14;25461;14442;684;663;23452;12574;122;109;184;200;29;31;125;115;22;34;843;716;10202;5990;15259;8452;22701;13650;2760;792
31.03.2022;14;23043;14553;603;592;21261;12966;136;136;148;152;31;32;95;83;20;13;749;579;9126;6233;13917;8320;20980;13851;2063;702
01.04.2022;14;21134;15255;637;746;19476;13497;117;104;183;188;16;34;95;102;16;34;594;550;8634;6785;12500;8470;19055;14614;2079;641
02.04.2022;14;23846;20299;930;940;21576;17772;235;272;134;180;27;44;73;83;13;25;858;983;9555;8800;14291;11499;22294;19661;1552;638
03.04.2022;15;22305;15600;691;549;20207;13898;138;107;148;167;30;41;105;113;23;40;963;685;9018;6456;13287;9144;20476;15012;1829;588
04.04.2022;15;18505;13816;518;560;17097;12259;73;78;119;148;20;40;75;91;17;22;586;618;7808;5423;10697;8393;16623;13300;1882;516
05.04.2022;15;20987;14504;517;558;19475;12968;86;82;162;199;31;41;96;111;11;7;609;538;8437;6264;12550;8240;19189;13875;1798;629
06.04.2022;15;24277;15957;735;771;22437;14115;78;107;153;160;36;29;88;74;22;52;728;649;9877;6817;14400;9140;22360;15339;1917;618
07.04.2022;15;23563;14112;630;651;21874;12369;69;67;122;181;31;25;79;94;21;25;737;700;9621;6264;13942;7848;21503;13458;2060;654
08.04.2022;15;27497;16568;786;886;25543;14509;160;175;202;186;23;18;84;77;20;18;679;699;10799;7278;16698;9290;26123;15955;1374;613
09.04.2022;15;29125;22831;913;1045;26831;20363;244;257;132;151;29;44;113;115;19;52;844;804;11261;9962;17864;12869;26367;21772;2758;1059
10.04.2022;16;28491;19398;876;691;26330;17593;176;145;142;159;23;53;90;68;25;35;829;654;10636;7715;17855;11683;26941;18661;1550;737
11.04.2022;16;24031;16592;582;618;22407;14906;100;112;143;150;31;64;82;89;24;46;662;607;9302;6729;14729;9863;22743;16175;1288;417
12.04.2022;16;23983;17687;721;769;22210;15780;110;112;148;180;35;58;105;137;11;25;643;626;9518;7364;14465;10323;22442;16554;1541;1133
13.04.2022;16;24750;20250;704;758;22976;18307;108;122;106;137;51;48;100;101;15;30;690;747;9792;9169;14958;11081;23437;19715;1313;535
14.04.2022;16;26748;22427;723;773;24816;20542;112;99;165;166;42;40;88;85;12;33;790;689;10911;9934;15837;12493;25481;21001;1267;1426
15.04.2022;16;24379;25157;758;730;22474;23163;155;185;139;141;27;54;90;64;9;53;727;767;9855;11386;14524;13771;23070;24138;1309;1019
16.04.2022;16;19223;27167;506;485;17740;25514;119;140;110;117;21;62;78;82;15;80;634;687;7642;12694;11581;14473;18018;26155;1205;1012
17.04.2022;17;17319;19302;308;264;15970;18002;158;113;106;132;17;78;75;67;28;70;657;576;6927;8323;10392;10979;16126;18602;1193;700
18.04.2022;17;20011;14428;430;338;18774;13262;79;69;115;127;28;82;62;62;21;16;502;472;8524;5566;11487;8862;18898;13723;1113;705
19.04.2022;17;25023;18807;559;676;23618;17376;66;56;169;110;29;58;44;55;17;20;521;456;11142;8389;13881;10418;23762;18086;1261;721
20.04.2022;17;22339;22343;600;718;20857;20617;75;97;120;162;34;50;73;100;13;38;567;561;8929;9837;13410;12506;21134;21401;1205;942
21.04.2022;17;19903;23664;611;695;18359;21919;71;93;148;142;14;52;69;89;29;56;602;618;7919;11111;11984;12553;18221;22509;1682;1155
22.04.2022;17;17743;23831;674;729;16064;21977;140;150;133;162;18;86;78;81;13;37;623;609;7101;11096;10642;12735;16139;22792;1604;1039
23.04.2022;17;15126;21090;692;876;13509;19161;176;152;103;144;14;48;57;83;21;33;554;593;5940;10042;9186;11048;13779;20006;1347;1084
24.04.2022;18;9868;11845;548;430;8599;10652;87;66;98;119;7;14;87;110;13;19;429;435;4030;5216;5838;6629;8835;11101;1033;744
25.04.2022;18;13735;11376;567;535;12436;9978;83;75;178;184;23;16;63;74;10;14;375;500;5971;5134;7764;6242;12832;10849;903;527
26.04.2022;18;21418;15381;691;690;19781;13871;63;71;165;139;44;26;102;68;22;14;550;502;9301;6925;12117;8456;19861;14068;1557;1313
27.04.2022;18;24782;18421;680;635;23168;16839;80;81;128;135;48;28;107;117;21;18;550;568;10113;8360;14669;10061;23293;17371;1489;1050
28.04.2022;18;24124;19667;750;685;22329;18036;111;71;142;138;33;23;75;75;19;13;665;626;9705;8808;14419;10859;22650;18552;1474;1115
29.04.2022;18;23466;21891;718;733;21795;20298;96;93;127;121;32;35;67;55;22;47;609;509;9432;9865;14034;12026;22034;20761;1432;1130
30.04.2022;18;23471;26751;649;854;21840;24829;160;210;99;145;43;31;64;57;26;57;590;568;9566;12047;13905;14704;21890;25387;1581;1364
01.05.2022;19;19578;23285;541;518;18090;21877;170;120;149;137;22;39;43;54;25;34;538;506;7691;10702;11887;12583;18268;22123;1310;1162
02.05.2022;19;18605;18302;609;618;17251;16861;56;83;142;157;28;51;44;64;18;29;457;439;7694;7546;10911;10756;17214;17445;1391;857
03.05.2022;19;19396;15815;652;541;17979;14450;61;59;162;116;32;41;60;67;16;29;434;512;8762;7092;10634;8723;18128;14914;1268;901
04.05.2022;19;24950;17577;547;490;23554;16234;77;78;155;112;43;28;87;81;29;11;458;543;10774;7675;14176;9902;23778;16959;1172;618
05.05.2022;19;24576;19078;541;502;23167;17663;61;57;155;187;35;29;44;56;22;25;551;559;10647;8718;13929;10360;22961;17852;1615;1226
06.05.2022;19;24423;18973;635;587;22955;17560;76;90;110;107;39;27;68;71;13;39;527;492;10213;8275;14210;10698;22792;18055;1631;918
07.05.2022;19;26329;20142;639;590;24644;18707;147;139;131;116;37;30;79;73;29;48;623;439;10938;9359;15391;10783;24454;19426;1875;716
08.05.2022;20;23608;16992;578;358;22131;15854;107;73;111;100;32;35;95;102;24;51;530;419;10175;7464;13433;9528;21825;16112;1783;880
09.05.2022;20;16999;15284;364;437;16046;14251;55;67;75;87;10;44;71;46;22;22;356;330;7178;6249;9821;9035;15715;14610;1284;674
10.05.2022;20;18129;21828;442;635;17060;20266;39;87;132;134;21;45;61;86;21;31;353;544;8091;9439;10038;12389;17272;20200;857;1628
11.05.2022;20;21189;27515;589;558;19748;26055;91;78;99;124;40;21;81;88;21;38;520;553;9140;12924;12049;14591;19852;25838;1337;1677
12.05.2022;20;22016;27084;555;520;20641;25534;71;86;125;146;19;32;75;49;13;63;517;654;9441;12507;12575;14577;20649;25151;1367;1933
13.05.2022;20;21247;26947;613;642;19860;25406;88;101;111;138;17;32;72;51;22;47;464;530;9219;11998;12028;14949;19831;25188;1416;1759
14.05.2022;20;22879;31367;638;693;21365;29621;118;128;87;133;47;26;82;47;17;106;525;613;9557;14378;13322;16989;21299;29159;1580;2208
15.05.2022;21;19809;32376;666;554;18297;30748;109;83;123;101;29;38;77;80;24;48;484;724;8508;14184;11301;18192;18288;30432;1521;1944
16.05.2022;21;19237;26856;519;605;17988;25256;52;73;140;93;23;45;93;116;18;57;404;611;8839;11330;10398;15526;17789;24974;1448;1882
17.05.2022;21;20196;25978;506;643;18989;24445;67;58;117;134;26;33;59;97;17;51;415;517;8877;12016;11319;13962;18891;24117;1305;1861
18.05.2022;21;21437;27951;597;638;20140;26421;64;87;112;137;34;20;65;50;28;55;397;543;9079;12338;12358;15613;20035;25948;1402;2003
19.05.2022;21;21989;26717;627;565;20546;25342;72;70;125;138;24;38;111;55;20;46;464;463;9008;12096;12981;14621;20597;24664;1392;2053
20.05.2022;21;23701;28367;670;634;22297;26809;61;92;99;102;33;37;55;40;10;32;476;621;10366;12732;13335;15635;22127;26277;1574;2090
21.05.2022;21;22910;33123;538;705;21619;31392;109;106;83;95;31;30;46;59;24;80;460;656;9725;15628;13185;17495;21242;30853;1668;2270
22.05.2022;22;20146;31645;616;479;18764;30230;99;85;119;100;16;32;43;54;27;48;462;617;8556;13248;11590;18397;18471;29471;1675;2174
23.05.2022;22;18416;26413;544;567;17257;24964;54;70;103;122;16;43;64;95;21;58;357;494;8119;11446;10297;14967;16809;24514;1607;1899
24.05.2022;22;20880;25330;600;709;19608;23778;47;59;110;114;32;53;51;68;18;27;414;522;9041;11441;11839;13889;19279;23339;1601;1991
25.05.2022;22;21665;26592;655;667;20231;24911;50;90;126;139;29;43;77;79;26;66;471;597;9521;11711;12144;14881;20037;24797;1628;1795
26.05.2022;22;22096;25186;666;593;20724;23706;73;135;120;151;26;25;53;43;24;45;410;488;9223;10519;12873;14667;20321;22941;1775;2245
27.05.2022;22;22888;27245;643;687;21361;25626;104;123;149;140;33;33;79;52;19;51;500;533;9594;12183;13294;15062;21075;25175;1813;2070
28.05.2022;22;25177;30437;592;711;23660;28731;182;122;97;89;32;24;48;86;18;40;548;634;10915;13879;14262;16558;23232;28644;1945;1793
29.05.2022;23;21622;28576;674;453;20200;27231;119;62;101;105;24;44;57;56;24;110;423;515;8816;11486;12806;17090;19682;26095;1940;2481
30.05.2022;23;20837;23892;557;635;19628;22455;49;51;84;103;26;38;61;59;22;47;410;504;8616;9651;12221;14241;19047;21872;1790;2020
31.05.2022;23;22443;24251;610;752;21129;22693;46;50;131;109;25;55;66;53;16;54;420;485;9726;11066;12717;13185;20721;22520;1722;1731
01.06.2022;23;21390;27016;645;603;20059;25400;67;62;103;126;26;27;48;53;19;42;423;703;9200;11613;12190;15403;19776;24533;1614;2483
02.06.2022;23;22435;23873;804;682;20923;22319;72;61;108;126;20;26;46;55;42;53;420;551;9226;11192;13209;12681;20827;22035;1608;1838
03.06.2022;23;22301;25127;596;631;20950;23729;62;70;103;112;21;32;60;46;22;50;487;457;10006;10800;12295;14327;20766;23058;1535;2069
04.06.2022;23;23079;28961;563;594;21800;27370;76;149;89;113;26;35;37;71;32;106;456;523;9910;13656;13169;15305;21392;27004;1687;1957
05.06.2022;24;20773;26928;575;508;19519;25644;107;98;70;77;27;28;44;32;22;39;409;502;8983;10859;11790;16069;19157;25190;1616;1738
06.06.2022;24;20345;23074;496;624;19276;21608;70;83;111;107;16;46;31;55;27;30;318;521;9424;9136;10921;13938;18666;21227;1679;1847
07.06.2022;24;22149;21321;545;649;20788;19853;74;59;93;146;26;36;66;57;32;63;525;458;10051;9339;12098;11982;20569;19768;1580;1553
08.06.2022;24;23336;23761;598;672;21978;22214;57;64;105;107;35;34;65;43;16;41;482;586;10523;10196;12813;13565;21646;21999;1690;1762
09.06.2022;24;25253;23809;631;554;23907;22545;70;82;106;94;22;20;42;51;21;66;454;397;11213;11210;14040;12599;23554;22273;1699;1536
10.06.2022;24;24664;24579;679;594;23263;23159;96;103;93;113;23;24;46;24;18;72;446;490;11253;10874;13411;13705;23021;22637;1643;1942
11.06.2022;24;24830;28035;672;731;23453;26418;94;106;103;95;27;36;34;38;24;114;423;497;10792;13091;14038;14944;23040;26117;1790;1918
12.06.2022;25;21531;26614;514;495;20231;25212;80;92;101;76;20;42;55;72;31;65;499;560;9278;10504;12253;16110;19224;23999;2307;2615
13.06.2022;25;21651;22654;460;634;20586;21064;62;92;83;88;22;32;56;69;20;64;362;611;9470;9165;12181;13489;19547;20574;2104;2080
14.06.2022;25;23916;22122;544;664;22778;20626;66;75;97;80;27;57;45;47;27;37;332;536;11169;9803;12747;12319;21923;19783;1993;2339
15.06.2022;25;24324;24960;657;784;22958;23204;89;106;104;123;30;25;32;57;31;72;423;589;10610;10859;13714;14101;22618;22948;1706;2012
16.06.2022;25;22805;26135;639;968;21344;24249;69;106;107;103;21;20;75;59;37;111;513;519;9378;11616;13427;14519;20303;23188;2502;2947
17.06.2022;25;26111;25377;723;619;24426;23889;137;98;82;125;17;30;41;49;35;109;650;458;10937;11221;15174;14156;23657;22860;2454;2517
18.06.2022;25;25948;27360;691;552;24454;25848;163;117;105;102;37;23;44;61;34;92;420;565;10898;12446;15050;14914;23542;25037;2406;2323
19.06.2022;26;24743;25100;797;404;23175;23978;94;81;109;75;24;47;49;34;30;58;465;423;10973;10366;13770;14734;22272;22767;2471;2333
20.06.2022;26;23062;22190;557;594;21871;20864;62;57;90;83;11;36;68;38;24;29;379;489;10428;9296;12634;12894;20690;20437;2372;1753
21.06.2022;26;23810;23491;583;680;22542;21966;54;64;147;130;25;46;65;59;30;139;364;407;10313;10551;13497;12940;21448;20942;2362;2549
22.06.2022;26;26313;23467;624;651;24924;22003;64;68;99;127;26;21;47;66;27;55;502;476;11484;10547;14829;12920;23879;21435;2434;2032
23.06.2022;26;27477;24356;724;688;25991;22911;79;61;103;100;37;28;61;80;21;36;461;452;12349;11144;15128;13212;25056;21799;2421;2557
24.06.2022;26;26469;25748;691;652;25001;24344;74;51;112;86;23;23;57;31;39;68;472;493;12061;12313;14408;13435;23989;23737;2480;2011
25.06.2022;26;25470;30989;651;693;24151;29413;87;104;82;70;42;44;50;60;21;121;386;484;10901;15219;14569;15770;23581;29503;1889;1486
26.06.2022;27;23891;32147;644;533;22482;30740;93;91;83;81;27;41;74;52;34;44;454;565;10582;13960;13309;18187;21388;28768;2503;3379
27.06.2022;27;20168;25661;561;676;19013;24162;36;69;105;109;22;39;47;52;29;48;355;506;8375;10441;11793;15220;17927;23432;2241;2229
28.06.2022;27;21383;24444;684;692;20041;22891;55;63;91;111;17;46;56;43;20;51;419;547;8791;10676;12592;13768;19049;22153;2334;2291
29.06.2022;27;23449;26853;752;726;21924;25248;67;91;116;114;47;24;35;37;36;70;472;543;9688;11266;13761;15587;21149;23952;2300;2901
30.06.2022;27;24009;25525;642;664;22525;24045;68;57;88;106;24;39;65;51;21;94;576;469;9585;11583;14424;13942;21538;23179;2471;2346
01.07.2022;27;23590;26634;597;641;22349;25169;69;72;80;99;17;30;59;54;23;84;396;485;10239;11509;13351;15125;21210;24090;2380;2544
02.07.2022;27;25706;29757;571;620;24318;28187;119;110;97;86;31;48;39;39;22;116;509;551;10738;13322;14968;16435;23229;27293;2477;2464
03.07.2022;28;24097;28918;532;439;22937;27586;75;86;104;75;17;49;40;56;28;50;364;577;10556;11810;13541;17108;21640;26087;2457;2831
04.07.2022;28;21229;24469;476;654;20235;22906;47;61;74;118;28;50;30;52;33;55;306;573;8847;9788;12382;14681;18872;22062;2357;2407
05.07.2022;28;21521;22656;570;653;20376;21244;38;37;92;100;24;59;21;50;16;53;384;460;9358;9911;12163;12745;19213;20828;2308;1828
06.07.2022;28;23226;24160;608;654;21949;22696;62;73;80;110;32;15;67;54;25;48;403;510;10066;10309;13160;13851;21034;21500;2192;2660
07.07.2022;28;23117;21941;645;628;21916;20600;51;63;67;81;22;32;51;59;13;63;352;415;9742;9410;13375;12531;20965;19789;2152;2152
08.07.2022;28;23096;22448;629;691;21833;21012;51;68;96;77;28;30;38;52;16;74;405;444;9565;9697;13531;12751;20807;20309;2289;2139
09.07.2022;28;25269;27560;600;766;24056;25867;84;142;69;107;23;43;44;34;26;107;367;494;10607;12022;14662;15538;22879;25104;2390;2456
10.07.2022;29;23280;27250;667;498;22006;25785;101;94;74;74;18;55;46;85;21;60;347;599;10386;10890;12894;16360;20976;25454;2304;1796
11.07.2022;29;21613;25169;581;721;20354;23513;71;94;113;112;17;54;64;47;25;53;388;575;9144;9302;12469;15867;19274;22589;2339;2580
12.07.2022;29;20378;21888;599;750;19127;20338;56;60;82;73;22;48;39;32;27;93;426;494;8804;9031;11574;12857;18154;19630;2224;2258
13.07.2022;29;22301;23778;703;638;21052;22329;55;63;78;88;30;36;29;54;17;61;337;509;9119;9827;13182;13951;20102;21620;2199;2158
14.07.2022;29;24770;22854;701;694;23440;21395;46;81;85;93;14;23;33;59;21;66;430;443;10626;9543;14144;13311;22457;20560;2313;2294
15.07.2022;29;25059;23336;750;699;23567;21930;67;75;84;93;15;31;76;41;20;38;480;429;10022;9458;15037;13878;22725;21175;2334;2161
16.07.2022;29;23620;25979;614;612;22354;24516;90;84;73;98;32;44;38;32;16;85;403;508;10005;11286;13615;14693;21161;23677;2459;2302
17.07.2022;30;24911;29276;640;513;23520;27755;119;142;84;89;19;61;54;64;34;111;441;541;10719;11016;14192;18260;22476;26948;2435;2328
18.07.2022;30;21504;23667;576;861;20406;22006;55;81;68;70;16;52;28;45;47;37;308;515;9820;9003;11684;14664;19220;21621;2284;2046
19.07.2022;30;21712;22130;661;639;20462;20600;72;59;98;113;24;71;45;54;23;85;327;509;9760;9229;11952;12901;19497;20060;2215;2070
20.07.2022;30;23459;22313;744;674;22036;20905;56;76;110;79;27;32;93;46;19;60;374;441;10332;9128;13127;13185;21085;20268;2374;2045
21.07.2022;30;24439;22382;687;673;23053;20913;81;74;75;91;37;49;29;32;22;88;455;462;10826;9645;13613;12737;22127;20299;2312;2083
22.07.2022;30;24782;22423;742;710;23355;20964;68;86;69;82;32;31;41;59;24;57;451;434;10935;9807;13847;12616;22396;20653;2386;1770
23.07.2022;30;23876;27213;628;627;22544;25645;75;117;81;77;29;44;58;57;24;114;437;532;9959;11265;13917;15948;21433;24397;2443;2816
24.07.2022;31;22579;27561;525;588;21327;26089;91;133;77;87;18;60;46;54;33;63;462;487;10447;10478;12132;17083;20146;25181;2433;2380
25.07.2022;31;21002;24133;578;747;19834;22524;57;76;61;93;23;63;45;42;23;78;381;510;9284;8807;11718;15326;18631;22126;2371;2007
26.07.2022;31;21201;22464;624;683;19969;20944;77;49;89;92;22;80;33;69;25;82;362;465;9429;9285;11772;13179;18972;20191;2229;2273
27.07.2022;31;22520;24047;694;710;21155;22557;70;66;65;112;30;26;50;45;14;42;442;489;9066;9495;13454;14552;20313;21820;2207;2227
28.07.2022;31;23310;22156;728;713;21920;20641;80;93;75;111;20;37;56;43;22;68;409;450;9514;9289;13796;12867;20996;20071;2314;2085
29.07.2022;31;24823;24589;747;672;23255;23199;90;85;97;78;33;28;48;42;24;63;529;422;10120;10131;14703;14458;22450;22358;2373;2231
30.07.2022;31;25364;29924;664;646;23928;28403;133;149;82;75;38;48;63;38;26;110;430;455;10402;12351;14962;17573;22945;27561;2419;2363
31.07.2022;32;24470;31715;702;574;23072;30269;100;118;73;93;21;55;45;44;21;61;436;501;11192;12097;13278;19618;22103;29349;2367;2366
01.08.2022;32;23583;27294;658;836;22352;25563;82;108;72;93;25;82;36;39;26;54;332;519;9499;9577;14084;17717;21193;24960;2390;2334
02.08.2022;32;21981;24958;621;732;20771;23275;79;81;83;92;20;66;53;65;18;99;336;548;9145;9886;12836;15072;19676;22777;2305;2181
03.08.2022;32;24276;26811;704;737;22905;25211;53;72;84;81;44;49;42;64;26;62;418;535;9607;10868;14669;15943;21838;24224;2438;2587
04.08.2022;32;24903;25073;751;680;23459;23618;102;97;93;86;24;37;53;23;17;85;404;447;9685;10310;15218;14763;22575;22691;2328;2382
05.08.2022;32;24622;25401;744;629;23165;24054;104;74;55;89;32;27;56;42;23;26;443;460;9905;10545;14717;14856;22240;23062;2382;2339
06.08.2022;32;24987;28128;591;667;23609;26479;139;137;86;101;45;48;54;56;32;161;431;479;9985;11642;15002;16486;22464;25682;2523;2446
07.08.2022;33;24432;30710;659;538;23088;29299;120;141;68;71;14;53;45;64;28;61;410;483;10119;12008;14313;18702;22036;28321;2396;2389
08.08.2022;33;22678;26777;593;789;21458;25128;67;75;94;75;25;58;45;58;16;43;380;551;9352;9514;13326;17263;20353;24397;2325;2380
09.08.2022;33;21864;23914;643;658;20700;22409;54;77;68;81;26;53;42;62;24;64;307;510;8526;9910;13338;14004;19522;21606;2342;2308
10.08.2022;33;24384;26583;702;731;22997;25085;59;86;101;97;34;39;53;71;23;59;415;415;9862;10426;14522;16157;22110;24145;2274;2438
11.08.2022;33;25496;25885;754;738;24048;24349;70;76;77;76;25;31;61;42;16;103;445;470;10057;10839;15439;15046;23023;23476;2473;2409
12.08.2022;33;26355;28523;737;804;24876;26883;102;91;70;95;32;33;56;74;34;60;448;483;10016;11325;16339;17198;23926;26020;2429;2503
13.08.2022;33;27693;33635;599;790;26290;31867;121;130;75;67;42;63;64;37;41;157;461;524;10462;14355;17231;19280;25217;31128;2476;2507
14.08.2022;34;24303;33471;619;657;22957;31848;107;116;81;86;30;54;35;43;22;47;452;620;10146;12991;14157;20480;21819;30955;2484;2516
15.08.2022;34;21863;26649;773;631;20469;25051;85;94;83;58;32;74;46;51;36;69;339;621;9098;9495;12765;17154;19296;24318;2567;2331
16.08.2022;34;24872;24398;706;731;23556;22890;72;78;92;81;18;42;46;67;18;78;364;431;10398;9608;14474;14790;22294;22024;2578;2374
17.08.2022;34;25877;28957;664;694;24514;27368;79;99;85;103;35;45;46;73;23;35;431;540;10069;11159;15808;17798;23337;26462;2540;2495
18.08.2022;34;25963;27130;701;635;24383;25689;87;56;93;78;41;31;51;36;33;80;574;525;9663;11876;16300;15254;23450;24677;2513;2453
19.08.2022;34;25993;25349;726;622;24430;24042;129;83;76;90;42;26;47;50;34;51;509;385;10110;10457;15883;14892;23441;23043;2552;2306
20.08.2022;34;28616;31067;607;622;27138;29565;161;123;69;85;60;36;38;31;21;134;522;471;10908;12823;17708;18244;26032;28512;2584;2555
21.08.2022;35;28125;31267;667;507;26677;29896;119;79;84;71;23;47;34;50;19;60;502;557;11243;12391;16882;18876;25503;28866;2622;2401
22.08.2022;35;27172;26938;704;712;25746;25398;88;81;68;57;33;73;55;44;38;91;440;482;11474;9671;15698;17267;25098;25385;2074;1553
23.08.2022;35;29110;22988;664;550;27728;21618;85;63;99;70;31;51;37;59;22;122;444;455;11795;9404;17315;13584;25895;20919;3215;2069
24.08.2022;35;26607;22979;611;503;25274;21757;71;44;62;65;51;31;33;43;29;83;476;453;10124;8852;16483;14127;24003;20628;2604;2351
25.08.2022;35;24942;28410;671;660;23487;26950;80;73;66;87;37;27;60;33;24;89;517;491;8604;11982;16338;16428;22480;25795;2462;2615
26.08.2022;35;24804;33169;668;712;23347;31609;82;84;86;97;31;34;42;56;32;67;516;510;9796;13699;15008;19470;22305;30492;2499;2677
27.08.2022;35;26577;36619;610;621;25186;35177;117;118;64;75;53;48;41;50;28;106;478;424;10279;16189;16298;20430;24075;34036;2502;2583
28.08.2022;36;25228;36745;817;638;23672;35198;108;99;77;62;22;61;51;51;32;95;449;541;10095;14805;15133;21940;22692;34384;2536;2361
29.08.2022;36;23861;30685;636;732;22600;29216;63;59;74;92;23;45;60;41;22;41;383;459;9886;12050;13975;18635;21525;28001;2336;2684
30.08.2022;36;24327;29389;722;752;22986;27749;51;50;100;81;31;78;50;43;26;102;361;534;9382;11565;14945;17824;21910;26970;2417;2419
31.08.2022;36;25318;26869;732;735;23866;25388;60;54;90;108;53;30;45;72;29;33;443;449;10139;10816;15179;16053;22908;24856;2410;2013
01.09.2022;36;24365;25790;677;641;22915;24349;79;81;86;100;47;41;47;44;20;71;494;463;9084;11199;15281;14591;22114;23150;2251;2640
02.09.2022;36;22153;25660;715;697;20713;24180;77;58;62;70;36;29;42;24;27;100;481;502;8577;10258;13576;15402;19950;23104;2203;2556
03.09.2022;36;24618;31198;581;508;23322;29806;106;105;60;98;40;48;50;53;28;89;431;491;9798;12851;14820;18347;22151;28693;2467;2505
04.09.2022;37;23150;28976;642;524;21794;27590;76;102;96;55;30;64;56;45;21;48;435;548;9339;11574;13811;17402;20784;26515;2366;2461
05.09.2022;37;19634;23821;602;710;18494;22287;63;56;87;107;27;60;39;79;20;33;302;489;7832;8612;11802;15209;17436;21800;2198;2021
06.09.2022;37;21153;22460;608;700;19946;20974;58;46;108;95;25;56;54;32;22;82;332;475;8388;8707;12765;13753;18983;20169;2170;2291
07.09.2022;37;21536;22498;597;645;20281;20982;57;49;89;145;33;33;66;57;25;43;388;544;8308;8638;13228;13860;19308;20506;2228;1992
08.09.2022;37;23395;21864;660;658;22105;20383;48;72;68;140;29;23;45;76;26;56;414;456;8700;8784;14695;13080;21144;19373;2251;2491
09.09.2022;37;24169;23145;695;723;22688;21642;73;77;123;95;49;30;64;45;23;43;454;490;9260;8901;14909;14244;21826;20753;2343;2392
10.09.2022;37;27021;28044;671;659;25581;26489;111;83;85;86;38;52;75;47;23;101;437;527;10898;11379;16123;16665;24530;25472;2491;2572
11.09.2022;38;25333;29419;676;486;23825;28050;110;109;115;67;35;48;51;38;36;38;485;583;10514;11636;14819;17783;22726;26880;2607;2539
12.09.2022;38;22788;25242;623;803;21509;23446;73;61;101;111;26;51;68;74;29;70;359;626;9302;9447;13486;15795;20505;23050;2283;2192
13.09.2022;38;23705;23055;716;775;22334;21371;67;60;108;93;38;42;43;45;21;101;378;568;10190;9125;13515;13930;21373;20857;2332;2198
14.09.2022;38;23676;23303;679;723;22243;21569;51;96;89;135;49;31;48;53;54;48;463;648;9606;9549;14070;13754;21402;21076;2274;2227
15.09.2022;38;24844;22576;800;757;23326;20958;65;64;80;130;46;34;59;53;25;69;443;511;9708;9353;15136;13223;22444;20280;2400;2296
16.09.2022;38;26236;25193;723;771;24859;23417;72;81;70;118;23;46;50;39;30;115;409;606;10725;9932;15511;15261;23719;22730;2517;2463
17.09.2022;38;28054;28699;634;656;26585;27178;115;89;68;92;51;45;65;34;24;122;512;483;10783;11637;17271;17062;25513;26223;2541;2476
18.09.2022;39;26061;29525;716;578;24628;27928;103;98;75;95;36;62;38;54;31;52;434;658;10984;11006;15077;18519;23489;27142;2572;2383
19.09.2022;39;23239;25274;699;794;21975;23180;54;71;100;192;30;65;23;68;25;52;333;852;9602;9053;13637;16221;20891;23058;2348;2216
20.09.2022;39;22205;23385;687;749;20917;20656;43;81;80;246;27;54;39;55;25;76;387;1468;9140;9366;13065;14019;19882;21067;2323;2318
21.09.2022;39;22996;23927;740;746;21579;20655;73;83;73;393;41;32;49;91;31;67;410;1860;9689;9302;13307;14625;20730;21814;2266;2113
22.09.2022;39;24840;23895;795;738;23464;20115;61;80;91;1179;28;29;35;88;20;57;346;1609;9667;9257;15173;14638;22445;21167;2395;2728
23.09.2022;39;25515;24134;784;725;23960;22534;72;66;92;143;33;28;48;55;35;54;491;529;10248;9439;15267;14695;22984;21771;2531;2363
24.09.2022;39;27296;26650;644;633;25895;25155;110;104;88;120;35;48;46;43;46;84;432;463;10802;10872;16494;15778;24686;24167;2610;2483
25.09.2022;40;26363;26519;722;501;24892;25108;103;93;101;87;37;46;42;49;39;61;427;574;10834;10095;15529;16424;23801;24096;2562;2423
26.09.2022;40;24387;23584;671;737;23055;22004;60;75;98;75;23;40;61;53;36;48;383;552;9914;8715;14473;14869;21843;21535;2544;2049
27.09.2022;40;22774;20999;631;672;21510;19568;50;58;119;94;48;48;24;58;12;35;380;466;9433;8682;13341;12317;20171;18935;2603;2064
28.09.2022;40;27766;22395;686;710;22656;20839;68;58;1510;107;39;30;131;61;21;58;2655;532;10214;8893;17552;13502;24716;20337;3050;2058
29.09.2022;40;28816;21418;771;729;24586;20011;81;48;386;86;42;29;162;48;26;71;2762;396;10336;8875;18480;12543;26406;19388;2410;2030
30.09.2022;40;28645;23171;754;716;27010;21758;78;76;78;78;38;40;43;40;33;79;611;384;10834;8989;17811;14182;26015;20942;2630;2229
01.10.2022;40;26977;28935;628;564;25577;27532;97;123;91;100;54;53;49;61;31;89;450;413;10659;11843;16318;17092;24405;26404;2572;2531
02.10.2022;41;24803;30360;603;601;23354;28823;134;174;110;73;25;57;39;33;30;53;508;546;10026;11782;14777;18578;22291;27972;2512;2388
03.10.2022;41;21683;25628;675;752;20329;23987;74;95;94;90;33;61;48;69;26;27;404;547;8699;9427;12984;16201;19364;23406;2319;2222
04.10.2022;41;21242;22791;674;723;20056;21332;50;50;70;90;30;59;35;52;26;68;301;417;8758;9087;12484;13704;19054;20818;2188;1973
05.10.2022;41;22598;22838;719;682;21235;21377;72;81;67;94;47;58;40;79;30;42;388;425;9058;8899;13540;13939;20311;20905;2287;1933
06.10.2022;41;23124;21941;733;691;21639;20550;52;61;107;82;29;44;62;59;17;63;485;391;8850;8973;14274;12968;20873;19943;2251;1998
07.10.2022;41;23248;23460;692;765;21820;21957;94;79;92;108;34;26;50;50;21;41;445;434;8910;9430;14338;14030;20973;21316;2275;2144
08.10.2022;41;24713;26743;660;608;23252;25309;130;131;83;66;47;41;45;56;34;72;462;460;10009;10701;14704;16042;22143;24383;2570;2360
09.10.2022;42;22627;25716;649;529;21282;24401;100;124;89;68;28;41;44;46;31;53;404;454;8793;9809;13834;15907;20303;23518;2324;2198
10.10.2022;42;19917;20260;576;555;18745;19156;65;49;97;79;29;46;40;19;20;30;345;326;8926;7764;10991;12496;18050;19265;1867;995
11.10.2022;42;21876;17322;612;567;20516;16152;68;48;138;72;22;41;51;36;14;46;455;360;8706;7321;13170;10001;19234;15833;2642;1489
12.10.2022;42;24896;20032;676;624;23469;18815;73;43;108;66;35;22;69;45;24;50;442;367;9846;8107;15050;11925;22559;18581;2337;1451
13.10.2022;42;25263;19838;714;571;23820;18755;79;57;99;84;27;27;58;48;30;32;436;264;9343;8223;15920;11615;22983;18294;2280;1544
14.10.2022;42;25356;20558;674;680;23962;19293;109;63;89;78;24;25;41;43;24;46;433;330;9965;8407;15391;12151;22950;19004;2406;1554
15.10.2022;42;25992;24998;477;485;24797;23751;131;101;58;61;48;31;36;38;29;83;416;448;10240;10538;15752;14460;23411;22742;2581;2256
16.10.2022;43;25069;25866;585;498;23819;24671;102;98;104;61;17;51;47;40;39;58;356;389;9809;9877;15260;15989;22576;23802;2493;2064
17.10.2022;43;21370;22804;554;663;20326;21486;55;43;62;83;18;49;75;57;16;48;264;375;8787;8235;12583;14569;19217;21066;2153;1738
18.10.2022;43;22014;20234;598;615;20860;18958;58;50;94;48;31;53;48;51;22;60;303;399;8793;8230;13221;12004;20021;18834;1993;1400
19.10.2022;43;22547;21160;623;561;21347;19930;39;61;79;85;39;54;53;61;22;33;345;375;8902;8522;13645;12638;20462;19690;2085;1470
20.10.2022;43;24673;20323;742;682;23320;19054;61;42;78;95;40;36;41;55;17;62;374;297;9278;8171;15395;12152;22469;18619;2204;1704
21.10.2022;43;25932;22600;647;634;24506;21311;84;73;91;67;36;64;65;54;21;63;482;334;10060;9084;15872;13516;23518;20808;2414;1792
22.10.2022;43;28376;25589;527;528;27087;24329;105;82;97;55;44;41;66;61;20;81;430;412;10972;10895;17404;14694;25811;23398;2565;2191
23.10.2022;44;25145;25068;532;482;23917;23897;101;103;69;67;29;67;54;26;28;29;415;397;10098;9568;15047;15500;22681;23148;2464;1920
24.10.2022;44;23077;21420;577;740;21981;19968;48;85;68;67;25;62;42;46;38;34;298;418;9286;7747;13791;13673;20718;19933;2359;1487
25.10.2022;44;21295;20309;601;705;20203;18967;45;59;93;71;23;65;27;37;9;81;294;324;8630;8193;12665;12116;19221;18761;2074;1548
26.10.2022;44;23724;21693;665;596;22446;20503;89;57;99;62;35;29;38;43;9;30;343;373;9502;8654;14222;13039;21528;20087;2196;1606
27.10.2022;44;25004;22004;607;628;23758;20778;76;57;78;70;39;47;43;50;37;39;366;335;9162;9296;15842;12708;22842;20305;2162;1699
28.10.2022;44;25875;23969;675;712;24553;22607;83;117;76;65;40;32;47;42;30;38;371;356;9928;9597;15947;14372;23444;21974;2431;1995
29.10.2022;44;26750;30374;663;878;25316;28695;123;132;70;46;31;50;68;51;42;91;437;431;10070;13029;16680;17345;24203;28029;2547;2345
30.10.2022;45;24946;29766;476;545;23716;28463;128;123;67;37;41;54;57;37;27;42;434;465;9577;12084;15369;17682;22497;27808;2449;1958
31.10.2022;45;20054;24334;640;587;18835;23005;75;71;64;83;27;64;45;87;45;40;323;397;7758;9464;12296;14870;17850;22703;2204;1631
01.11.2022;45;18756;16857;677;431;17528;15779;75;64;60;61;25;48;32;44;16;66;343;364;7586;7283;11170;9574;16666;15367;2090;1490
02.11.2022;45;24026;19656;581;625;22915;18536;49;51;44;68;37;24;56;42;23;24;321;286;9364;7288;14662;12368;21994;18122;2032;1534
03.11.2022;45;24446;21182;586;596;23284;19981;85;65;76;108;35;24;51;52;18;45;311;311;9231;8654;15215;12528;22385;19533;2061;1649
04.11.2022;45;24311;22846;693;626;22878;21698;87;53;70;54;28;26;74;45;19;34;462;310;9704;9120;14607;13726;21929;20829;2382;2017
05.11.2022;45;24971;26243;588;609;23670;24909;140;74;73;52;44;43;61;78;18;77;377;401;9658;10937;15313;15306;22496;24310;2475;1933
06.11.2022;46;23702;25372;617;551;22447;24099;91;83;73;53;41;48;56;79;34;30;343;429;9415;10368;14287;15004;21414;23621;2288;1751
07.11.2022;46;20820;22981;570;653;19779;21703;52;31;60;88;25;55;37;38;19;26;278;387;8666;8480;12154;14501;18950;21377;1870;1604
08.11.2022;46;19395;19926;670;704;18286;18538;41;41;70;57;20;51;52;85;13;70;243;380;7881;8231;11514;11695;17752;18504;1643;1422
09.11.2022;46;21244;21593;734;691;20001;20312;33;41;74;66;55;28;30;59;11;22;306;374;8235;8937;13009;12656;19712;20136;1532;1457
10.11.2022;46;23115;22685;702;891;21878;21235;50;50;47;87;32;30;55;46;25;48;326;298;8460;8911;14655;13774;21326;21008;1789;1677
11.11.2022;46;21146;21566;752;1082;19699;19856;52;75;69;50;22;38;64;40;39;70;449;355;8362;9858;12784;11708;18897;19906;2249;1660
12.11.2022;46;25186;24863;680;503;23845;23670;86;73;70;49;40;43;55;56;24;63;386;406;9543;9656;15643;15207;22717;22922;2469;1941
13.11.2022;47;23640;24176;879;442;22235;23113;50;74;64;63;26;46;66;47;13;36;307;355;9568;9192;14072;14984;21305;22549;2335;1627
14.11.2022;47;22457;22079;667;688;21296;20732;53;64;48;70;24;62;52;41;31;30;286;392;9044;8084;13413;13995;20424;20535;2033;1544
15.11.2022;47;17924;17578;564;606;16986;16422;29;35;46;61;23;52;30;28;23;60;223;314;6963;6627;10961;10951;16412;16405;1512;1173
16.11.2022;47;21834;22266;600;551;20572;21019;55;67;109;80;41;37;57;72;26;33;374;407;7795;8826;14039;13440;19760;20553;2074;1713
17.11.2022;47;22081;19947;637;600;20870;18632;47;85;69;66;26;36;73;64;28;58;331;406;8638;8205;13443;11742;20188;18571;1893;1376
18.11.2022;47;23850;21673;625;561;22619;20533;60;44;93;61;22;17;65;67;17;46;349;344;9065;8739;14785;12934;21581;19941;2269;1732
19.11.2022;47;23849;25051;576;498;22599;23820;112;86;64;44;34;35;62;38;25;128;377;402;9174;10337;14675;14714;21411;23158;2438;1893
20.11.2022;48;21635;24460;513;408;20493;23395;78;77;82;51;28;48;43;75;22;36;376;370;8779;9975;12856;14485;19361;22710;2274;1750
21.11.2022;48;18861;20955;520;716;17846;19502;46;55;74;67;28;66;56;101;36;26;255;422;8145;8091;10716;12864;16950;19483;1911;1472
22.11.2022;48;20276;19773;554;603;19201;18491;37;64;103;62;17;46;72;49;26;80;266;378;8121;7885;12155;11888;18576;18272;1700;1501
23.11.2022;48;19940;19444;635;575;18783;18337;53;46;79;59;32;20;30;76;27;32;301;299;8021;8097;11919;11347;18239;18246;1701;1198
24.11.2022;48;22502;18048;682;650;21262;16878;64;40;52;66;31;23;42;56;18;39;351;296;8311;7632;14191;10416;20713;16707;1789;1341
25.11.2022;48;23901;19877;647;614;22627;18730;60;53;47;43;20;19;106;40;15;33;379;345;9029;7779;14872;12098;21481;18302;2420;1575
26.11.2022;48;25310;24554;554;514;24179;23373;88;85;55;53;30;43;48;34;37;64;319;388;9958;9883;15352;14671;22751;22554;2559;2000
27.11.2022;49;23153;23016;602;446;21844;21907;118;63;52;42;35;47;49;78;26;34;427;399;9318;9536;13835;13480;20598;21310;2555;1706
28.11.2022;49;21035;20976;571;739;19979;19606;73;43;66;79;22;54;43;57;13;14;268;384;8418;7970;12617;13006;19068;19493;1967;1483
29.11.2022;49;21563;19363;637;602;20327;18144;40;45;68;55;28;64;77;67;33;75;353;311;8784;7876;12779;11487;19495;18011;2068;1352
30.11.2022;49;22362;19610;544;540;21258;18513;58;44;63;71;32;29;50;60;21;43;336;310;9034;7950;13328;11660;20367;18259;1995;1351
01.12.2022;49;23880;19968;686;632;22558;18702;46;58;41;96;25;19;83;73;26;58;415;330;9394;8460;14486;11508;21713;18576;2167;1392
02.12.2022;49;24797;20972;683;643;23514;19714;53;68;51;71;28;19;42;38;28;67;398;352;9400;8315;15397;12657;22604;19511;2193;1461
03.12.2022;49;24796;25435;619;666;23471;24019;96;79;67;64;40;38;98;53;20;88;385;428;9541;10037;15255;15398;22109;23495;2687;1940
04.12.2022;50;22214;22193;614;503;20953;20989;86;75;94;52;32;71;37;48;32;44;366;411;8956;8160;13258;14033;19849;20435;2365;1758
05.12.2022;50;20879;20581;521;737;19831;19133;71;43;70;82;21;52;55;70;16;56;294;408;8555;7856;12324;12725;18696;19192;2183;1389
06.12.2022;50;19188;18261;633;663;18093;16985;42;67;86;41;20;50;33;52;25;50;256;353;7443;6981;11745;11280;17348;17151;1840;1110
07.12.2022;50;20984;18907;650;602;19801;17752;38;33;75;43;52;41;46;37;23;46;299;353;8165;7605;12819;11302;19032;17527;1952;1380
08.12.2022;50;23331;19299;683;647;22017;17972;53;31;79;91;44;44;78;44;21;101;356;369;8958;7696;14373;11603;21270;17798;2061;1501
09.12.2022;50;24099;20483;729;678;22694;19166;41;69;85;74;37;29;56;79;15;67;442;321;8969;8211;15130;12272;21699;18844;2400;1639
10.12.2022;50;24875;24025;650;656;23537;22612;80;99;61;59;28;56;89;72;11;89;419;382;9099;9213;15776;14812;22329;21954;2546;2071
11.12.2022;51;19858;21672;535;359;18681;20617;77;95;89;40;19;55;46;50;44;63;367;393;7903;8287;11955;13385;17789;20115;2069;1557
12.12.2022;51;18678;20917;512;601;17683;19575;54;79;67;78;16;62;59;54;15;57;272;411;7311;7601;11367;13316;16329;19383;2349;1534
13.12.2022;51;18618;19172;507;613;17558;17985;49;63;74;65;29;78;62;42;14;40;325;286;7988;7930;10630;11242;16516;17190;2102;1982
14.12.2022;51;20959;18621;598;566;19774;17517;76;40;100;60;40;46;56;46;11;32;304;314;7896;7567;13063;11054;18848;17260;2111;1361
15.12.2022;51;23641;22446;571;656;22391;21017;59;72;57;92;26;60;102;47;27;101;408;401;8953;8980;14688;13466;21174;20368;2467;2078
16.12.2022;51;25717;21761;623;683;24316;20391;75;102;96;51;27;49;73;46;15;55;492;384;9714;8371;16003;13390;23092;19829;2625;1932
17.12.2022;51;25619;28606;537;711;24309;27043;112;128;72;39;50;57;66;75;18;139;455;414;9773;11472;15846;17134;23271;26463;2348;2143
18.12.2022;52;24411;32376;742;487;22886;30991;122;105;109;57;34;87;64;64;35;98;419;487;9363;11529;15048;20847;21361;29877;3050;2499
19.12.2022;52;21534;23968;647;678;20241;22545;78;82;72;61;24;92;59;51;28;36;385;423;8367;8570;13167;15398;18712;21563;2822;2405
20.12.2022;52;22800;22618;666;761;21553;21164;65;53;89;45;26;92;62;44;16;82;323;377;8700;8354;14100;14264;20294;19925;2506;2693
21.12.2022;52;27582;26932;712;592;26158;25609;67;72;82;49;44;59;94;30;28;105;397;416;10160;10422;17422;16510;24890;24890;2692;2042
22.12.2022;52;26189;30291;704;648;24813;28780;82;91;42;68;28;75;73;71;41;114;406;444;9876;12042;16313;18249;23671;27696;2518;2595
23.12.2022;52;37183;34471;560;563;36009;33128;77;120;48;47;33;61;34;28;33;83;389;441;13851;13541;23332;20930;33765;31586;3418;2885
24.12.2022;52;32605;39870;290;383;31823;38300;43;135;45;31;43;136;25;29;37;352;299;504;12890;15348;19715;24522;29755;36746;2850;3124
25.12.2022;53;19009;29230;158;254;18467;28188;52;110;31;21;25;118;10;23;32;133;234;383;7357;10789;11652;18441;16528;26701;2481;2529
26.12.2022;53;18730;26333;264;417;18115;25124;35;153;36;67;24;89;16;30;14;40;226;413;7159;8664;11571;17669;16244;23620;2486;2713
27.12.2022;53;26330;27201;563;1066;25343;25222;48;167;50;61;28;85;20;45;22;61;256;494;9764;10229;16566;16972;23609;24386;2721;2815
28.12.2022;53;26999;31717;854;867;25642;29972;56;125;52;73;21;50;32;64;12;68;330;498;10090;12310;16909;19407;24304;29005;2695;2712
29.12.2022;53;27200;30074;872;684;25672;28545;102;126;42;79;32;43;44;56;15;115;421;426;10274;12119;16926;17955;24279;27272;2921;2802
30.12.2022;53;27391;29438;684;681;26084;28023;143;81;36;79;23;78;33;42;26;71;362;383;9666;10740;17725;18698;24654;27068;2737;2370
31.12.2022;53;13943;14873;343;350;13252;14085;48;60;34;43;10;22;36;26;8;38;212;249;5340;6337;8603;8536;11875;14012;2068;861
