tydzien;data;srednia_strefa_granica_UA;srednia_strefa_granica_BY_LT;srednia_strefa_granica_RU;srednia_strefa_granica_MB;srednia_strefa_granica_DE;srednia_strefa_granica_CZ;srednia_strefa_granica_SK;srednia_strefa_centralna;srednia_woj_DS;srednia_woj_KP;srednia_woj_LB;srednia_woj_LS;srednia_woj_LD;srednia_woj_MP;srednia_woj_MZ;srednia_woj_OP;srednia_woj_PK;srednia_woj_PL;srednia_woj_PM;srednia_woj_SL;srednia_woj_SK;srednia_woj_WM;srednia_woj_WP;srednia_woj_ZP
1;01.01.2022;4043;3011;7002;11250;5510;4516;12351;6316;4102;4927;3002;5094;0;12351;0;4947;5170;3011;11250;4341;5448;7002;7754;6898
2;02.01.2022;6907;5333;18192;27802;14243;10569;20490;14744;12126;12967;5221;15021;0;20490;0;11821;8594;5333;27802;4636;13175;18192;16474;12687
2;03.01.2022;9426;7016;12528;22704;13396;10627;24233;17171;11027;11832;7093;14182;0;24233;0;11379;11759;7016;22704;8092;13341;12528;22163;11824
2;04.01.2022;9498;7254;12048;22541;12453;10233;24696;17078;10512;11509;6913;13532;0;24696;0;10738;12282;7254;22541;8404;12543;12048;22193;10296
2;05.01.2022;10258;7584;14837;25563;12246;10690;29356;19917;11102;12944;7570;13175;0;29356;0;11180;13152;7584;25563;8611;15107;14837;25680;10387
2;06.01.2022;5368;5330;13542;18953;10526;7575;17218;11735;9395;9109;4173;11238;0;17218;0;6941;6656;5330;18953;5095;9952;13542;13993;9102
2;07.01.2022;8813;7036;13283;21463;12123;9780;25058;16511;10745;10290;6444;13012;0;25058;0;9650;11365;7036;21463;7943;11488;13283;22032;10346
2;08.01.2022;7936;6957;12123;19607;12435;9387;22598;14557;10932;9324;6021;13805;0;22598;0;9220;9851;6957;19607;6389;10838;12123;19092;9695
3;09.01.2022;7300;5935;17131;25142;14112;10662;22421;15735;12764;11836;5472;15444;0;22421;0;10801;9268;5935;25142;5706;13883;17131;18917;11447
3;10.01.2022;10220;7535;12695;22501;12296;11139;27961;19643;11075;12094;7597;13104;0;27961;0;11849;12842;7535;22501;9578;13985;12695;26247;10678
3;11.01.2022;10015;7935;12386;22994;12203;10808;26705;19246;10775;12085;7536;13477;0;26705;0;11315;12685;7935;22994;9662;13043;12386;25691;9655
3;12.01.2022;9999;8024;12754;23192;12106;10713;26766;19520;10687;12083;7545;13459;0;26766;0;11203;12641;8024;23192;9594;13304;12754;26165;9400
3;13.01.2022;9911;8155;12751;23376;12368;11004;28174;19869;10953;12334;7480;13590;0;28174;0;11499;12528;8155;23376;9931;13735;12751;26565;9926
3;14.01.2022;10573;8741;15171;19617;14390;11959;28875;21435;12133;13427;7818;15645;0;28875;0;12885;13541;8741;19617;9542;14938;15171;28547;11881
3;15.01.2022;7995;7255;9987;12229;11627;8905;22484;14768;10065;9189;6036;12774;0;22484;0;8863;9955;7255;12229;5839;10305;9987;19709;9334
4;16.01.2022;6501;5883;10862;11241;10385;8135;18887;12632;9412;8492;5038;11350;0;18887;0;8230;7963;5883;11241;4343;9359;10862;16290;8456
4;17.01.2022;9744;7897;12473;14723;12434;10805;25174;19143;11060;11848;7283;13514;0;25174;0;11729;12206;7897;14723;7334;13229;12473;25621;10275
4;18.01.2022;10260;8446;12861;15702;12367;10637;25629;19587;11016;12348;8048;13656;0;25629;0;11277;12303;8446;15702;7672;13061;12861;26156;9789
4;19.01.2022;10369;8357;13103;15887;12466;10796;26438;19771;11364;12610;8129;13819;0;26438;0;11369;12436;8357;15887;7515;13379;13103;26255;9762
4;20.01.2022;9748;7640;13244;15273;11843;10366;26960;19553;10657;12463;7381;13230;0;26960;0;11213;12116;7640;15273;7028;13330;13244;25950;9298
4;21.01.2022;10871;7627;15233;17290;14085;11470;27200;21036;12533;13652;8550;15120;0;27200;0;12111;13013;7627;17290;6626;14618;15233;27686;12015
4;22.01.2022;7571;7630;9924;12023;11796;8921;21231;14755;10199;9064;6128;13091;0;21231;0;8915;8903;7630;12023;5418;9797;9924;19882;9207
5;23.01.2022;6292;6071;11605;11457;10442;7960;18692;13101;9543;8894;5274;11345;0;18692;0;7720;7232;6071;11457;4332;9559;11605;16864;8636
5;24.01.2022;9912;8211;12913;15347;12541;11010;26584;19315;11659;12268;7648;13544;0;26584;0;11499;12003;8211;15347;7756;13691;12913;25553;10536
5;25.01.2022;9892;8330;12747;15303;11798;10432;24945;19093;11116;12192;7757;13015;0;24945;0;11049;11862;8330;15303;6698;12920;12747;25346;9364
5;26.01.2022;10070;8261;13041;15481;12255;10572;24611;19364;11356;12386;7968;13543;0;24611;0;11035;12010;8261;15481;7028;13068;13041;25697;9679
5;27.01.2022;10128;8935;13288;15734;12817;10927;26236;19646;11668;12551;7929;14169;0;26236;0;11344;12158;8935;15734;7637;13647;13288;26000;10113
5;28.01.2022;10580;9190;15520;16662;14938;10808;27686;20963;12812;13469;8288;16054;0;27686;0;9776;12695;9190;16662;7881;15033;15520;27586;12706
5;29.01.2022;7673;7345;10629;11063;12035;9247;22647;14412;10558;8730;6082;13409;0;22647;0;9134;9143;7345;11063;5956;13133;10629;18744;9285
6;30.01.2022;5919;5735;11335;9998;10753;7635;18017;12092;8588;8010;4677;11794;0;18017;0;7905;7161;5735;9998;4273;10752;11335;15295;8671
6;31.01.2022;9798;8681;14075;15031;13350;11158;27510;19741;11493;12076;7459;14466;0;27510;0;12023;12137;8681;15031;7860;14745;14075;26530;11118
6;01.02.2022;9908;9067;13027;14783;12483;10162;25183;19323;10151;11722;7611;13739;0;25183;48441;11035;12205;9067;14783;7800;13360;13027;24795;9972
6;02.02.2022;9716;8754;13018;14866;12780;10009;24695;19411;9934;11782;7547;14142;0;24695;41542;11100;11885;8754;14866;7253;13408;13018;25152;10056
6;03.02.2022;10070;9107;14220;15551;13485;11247;26390;20392;11550;12414;7790;14714;0;26390;45751;11634;12351;9107;15551;9102;14454;14220;26249;11025
6;04.02.2022;10892;9462;16869;16833;15184;12387;29125;21569;13100;13226;8270;16283;0;29125;44036;12557;13513;9462;16833;9563;16589;16869;27578;12987
6;05.02.2022;7977;7487;12495;11801;12433;9949;24226;14748;11427;8576;6111;13239;0;24226;32029;9139;9843;7487;11801;7578;15494;12495;18253;10821
7;06.02.2022;6406;6407;13980;10717;11159;8600;19302;12640;9842;8318;5031;11893;0;19302;28608;8420;7782;6407;10717;5105;12565;13980;15085;9693
7;07.02.2022;10036;8970;14077;15139;13348;11174;27087;19738;11453;11931;7628;14397;0;27087;43995;11730;12444;8970;15139;8596;14991;14077;25267;11251
7;08.02.2022;10126;9186;13248;15175;12535;10704;26122;19432;10991;11969;7783;13724;0;26122;44876;11144;12470;9186;15175;8456;13836;13248;24860;10156
7;09.02.2022;10355;9175;14115;15797;13030;11296;26230;19867;12037;12320;7934;14362;0;26230;41192;11468;12776;9175;15797;8745;14341;14115;25481;10365
7;10.02.2022;10610;9414;15093;16724;13800;12175;27925;20985;12916;13002;8026;15080;0;27925;40743;12230;13194;9414;16724;9969;15379;15093;26969;11241
7;11.02.2022;11579;9671;18445;19184;16200;13114;30465;23073;13905;15102;8734;17199;0;30465;47511;13334;14424;9671;19184;10278;17439;18445;28894;14202
7;12.02.2022;8984;8256;15284;15907;13495;11394;26209;17133;13476;11941;6836;14178;0;26209;37845;10189;11133;8256;15907;9285;15106;15284;20419;12130
8;13.02.2022;7777;6698;17890;15620;12748;10223;23189;15222;12426;11852;6026;13151;0;23189;34394;9572;9528;6698;15620;6117;12739;17890;17398;11943
8;14.02.2022;11082;8986;15162;16973;13813;11945;29099;21150;12614;13657;8313;14711;0;29099;51891;12210;13850;8986;16973;9311;14600;15162;26612;12015
8;15.02.2022;10781;9462;14292;16543;13299;11356;28131;20982;11635;13274;8236;14494;0;28131;52894;11785;13326;9462;16543;9164;14281;14292;26785;10907
8;16.02.2022;10890;9358;14396;16635;13337;11490;28567;21172;11730;13489;8353;14612;0;28567;53316;12005;13428;9358;16635;9224;14569;14396;26927;10786
8;17.02.2022;10677;9206;14839;16515;13333;11888;28035;20871;12080;13400;8087;14693;0;28035;46464;12423;13268;9206;16515;9844;14603;14839;26637;10613
8;18.02.2022;12020;9734;18247;19471;15754;13443;31335;23344;14187;15501;9112;16974;0;31335;54392;13878;14704;9734;19471;10198;16345;18247;29336;13314
8;19.02.2022;8738;7458;11467;13620;11719;9994;24430;14777;10562;10531;6579;12844;0;24430;33462;9582;10730;7458;13620;9279;10900;11467;17974;9470
9;20.02.2022;7788;6760;15472;15463;11922;9226;21392;15176;9962;11888;6136;12784;0;21392;32166;9530;9314;6760;15463;5994;11165;15472;17874;10198
9;21.02.2022;11036;8743;14449;16564;13736;11845;28412;21247;11887;13344;8348;14852;0;28412;44614;12714;13517;8743;16564;9318;14696;14449;27691;11503
9;22.02.2022;11031;8994;13842;16664;13403;11375;27611;21197;11314;13330;8437;14718;0;27611;45150;12248;13425;8994;16664;9171;14103;13842;27714;10773
9;23.02.2022;11212;8901;14166;16950;13526;11667;28124;21331;11829;13493;8621;14868;0;28124;47446;12346;13604;8901;16950;9319;14921;14166;27370;10842
9;24.02.2022;12150;9450;15727;18120;14388;12704;30229;22455;12813;14543;9298;15672;0;30229;48983;13355;15002;9450;18120;10589;16017;15727;28539;11820
9;25.02.2022;13136;9571;18595;19608;16505;13894;31466;23535;14337;15844;9801;17634;0;31466;52780;14509;16472;9571;19608;10872;16631;18595;29464;14245
9;26.02.2022;11486;7693;13153;15037;13435;10742;25862;16542;11351;11414;8566;14490;0;25862;37555;10683;14406;7693;15037;9093;11268;13153;20585;11325
10;27.02.2022;11059;6652;16954;15176;12838;10250;23399;15414;11108;11500;8317;13694;0;23399;32059;10569;13802;6652;15176;6722;11369;16954;18481;11126
10;28.02.2022;13251;8958;14838;16327;14429;12541;29529;21266;12262;13193;10000;15469;0;29529;45810;13602;16501;8958;16327;10196;14935;14838;27512;12347
10;01.03.2022;13114;9170;14270;16213;13533;12099;29127;21033;11842;12952;9860;14637;0;29127;56951;13012;16367;9170;16213;10129;14131;14270;27223;11143
10;02.03.2022;12970;8866;14211;16154;13410;11961;28728;21519;11698;12950;9888;14518;0;28728;75827;12836;16052;8866;16154;10127;14175;14211;27486;11011
10;03.03.2022;13210;9243;14681;17162;14085;12884;30274;22427;12550;13696;9800;15173;0;30274;81973;13770;16620;9243;17162;11229;15162;14681;28305;11727
10;04.03.2022;14133;9616;18303;18800;16422;13954;31413;24052;14150;14902;10510;17279;0;31413;84164;14635;17756;9616;18800;11323;16422;18303;30299;14565
10;05.03.2022;11897;7972;12528;12848;13238;10932;25324;16475;11465;9692;8566;14090;0;25324;62911;11087;15228;7972;12848;8869;11048;12528;20985;11393
11;06.03.2022;10016;6956;14749;12204;12497;10374;22233;15279;11264;9817;7482;13309;0;22233;54973;10610;12549;6956;12204;6995;11343;14749;18730;10737
11;07.03.2022;13036;9106;14372;15530;13992;12595;29198;21905;12334;13034;9617;14814;0;29198;78508;13558;16455;9106;15530;10489;14641;14372;28229;12210
11;08.03.2022;12724;9295;13330;15326;14157;12075;28651;21578;11883;12840;9432;15005;0;28651;78680;12923;16015;9295;15326;10110;13897;13330;27643;12318
11;09.03.2022;12183;9206;13886;15591;13638;12044;28236;21710;11836;13177;9292;14679;0;28236;78437;12878;15075;9206;15591;10166;14060;13886;27630;11382
11;10.03.2022;12027;9531;14701;16022;14049;12506;29007;22194;12387;13524;9123;14951;0;29007;78963;13150;14931;9531;16022;10933;14686;14701;28182;12094
11;11.03.2022;12674;10204;17839;17701;16074;13704;31203;23704;13866;14872;9467;16813;0;31203;79744;14332;15882;10204;17701;11335;16227;17839;29832;14474
11;12.03.2022;9946;7944;12257;12524;12545;10525;24334;15905;11172;9461;7292;13275;0;24334;57287;10393;12599;7944;12524;8977;10615;12257;20321;10964
12;13.03.2022;8315;6706;15794;12717;12408;9892;21666;14874;11050;10026;6285;12883;0;21666;51034;9867;10346;6706;12717;6491;10922;15794;18004;11380
12;14.03.2022;11461;8831;13862;15186;13671;11945;28189;21248;11784;12747;8535;14596;0;28189;73624;12859;14387;8831;15186;9685;14200;13862;27170;11667
12;15.03.2022;11423;9144;13629;15443;12930;11415;27634;21202;11149;12884;8511;13881;0;27634;74768;12301;14335;9144;15443;9552;13583;13629;27073;10867
12;16.03.2022;11390;8851;14177;15552;13048;11412;27398;21428;11265;13001;8519;14013;0;27398;75690;12202;14261;8851;15552;9485;13795;14177;27357;10958
12;17.03.2022;11540;9038;15349;16633;13838;12177;28832;22478;11896;13817;8628;14744;0;28832;77176;13028;14451;9038;16633;10464;14871;15349;28559;11877
12;18.03.2022;12388;9777;18538;18114;15776;13239;30769;24075;13389;15111;9263;16471;0;30769;79851;14008;15514;9777;18114;10485;16841;18538;30258;14269
12;19.03.2022;9420;7973;12491;12711;12112;9779;23762;16251;10389;9508;7070;12762;0;23762;57888;9720;11771;7973;12711;8125;11269;12491;20812;10702
13;20.03.2022;8116;6956;16452;13393;12209;9458;21460;15267;10517;10486;6458;12549;0;21460;50277;9527;9774;6956;13393;6072;12653;16452;18093;11470
13;21.03.2022;11141;8893;14580;15446;13854;11741;27992;21508;11623;13032;8364;14701;0;27992;72673;12566;13919;8893;15446;9618;14448;14580;27461;12021
13;22.03.2022;11076;9255;14082;15620;12904;11299;27279;21192;11126;12927;8378;13820;0;27279;74152;12095;13775;9255;15620;9428;13737;14082;27009;10920
13;23.03.2022;11170;9233;14458;16023;13230;11386;27730;21926;11303;13399;8434;14125;0;27730;75732;12111;13905;9233;16023;9460;14194;14458;28201;11291
13;24.03.2022;11401;9196;15879;17091;13915;12070;28376;22772;11947;14171;8558;14810;0;28376;77482;12792;14243;9196;17091;10270;14748;15879;28581;11978
13;25.03.2022;12230;9502;19303;18683;15995;13148;30688;24430;13429;15669;9275;16579;0;30688;79792;13740;15185;9502;18683;10529;16475;19303;30312;14729
13;26.03.2022;9000;7741;12670;13002;12056;9882;23824;16163;10651;9795;6837;12668;0;23824;60678;9778;11163;7741;13002;7886;10522;12670;20249;10730
14;27.03.2022;7844;6701;16095;13238;12128;9441;21167;15608;10379;10638;6226;12432;0;21167;52719;9623;9463;6701;13238;6079;10988;16095;18878;11471
14;28.03.2022;11037;9133;14817;15535;14034;11905;28087;22272;11788;13431;8357;14880;0;28087;74548;12835;13716;9133;15535;9697;14489;14817;28518;12202
14;29.03.2022;10987;9280;13914;15668;13135;11569;27521;21992;11304;13302;8311;14088;0;27521;75008;12619;13662;9280;15668;9479;13953;13914;28158;11069
14;30.03.2022;11165;8523;14333;15845;13259;11509;27947;22002;11233;13709;8435;14163;0;27947;76467;12563;13894;8523;15845;9441;14179;14333;27559;11300
14;31.03.2022;11180;9010;15195;16401;14096;11981;27856;22685;11580;14010;8446;14993;0;27856;79662;12959;13913;9010;16401;10499;14674;15195;28460;12151
14;01.04.2022;11518;9345;17911;17605;15778;12387;27914;23778;12451;14874;8599;16448;0;27914;77532;13148;14438;9345;17605;10104;15237;17911;29730;14326
14;02.04.2022;8217;7645;11655;12117;11999;8833;20220;15560;9238;9073;6053;12609;0;20220;47919;8888;10381;7645;12117;7466;9502;11655;20103;10679
15;03.04.2022;6735;6589;14388;11744;11484;8293;17428;14297;8849;9519;5262;12057;0;17428;44984;8711;8207;6589;11744;5471;9263;14388;17521;10242
15;04.04.2022;10926;9121;13897;14972;13506;11554;27640;21292;11335;12843;8234;14426;0;27640;72674;12539;13617;9121;14972;9504;14113;13897;26729;11513
15;05.04.2022;10784;9268;13593;15371;13076;11004;26771;21649;10691;13101;8137;14114;0;26771;75136;11962;13430;9268;15371;9308;13872;13593;27205;10829
15;06.04.2022;11115;9157;13797;15830;13337;11416;27681;21866;11196;13342;8396;14351;0;27681;74970;12349;13833;9157;15830;9512;14473;13797;27339;11140
15;07.04.2022;11478;9561;15095;16349;13937;11978;28622;22685;11511;14017;8764;14943;0;28622;79695;13050;14191;9561;16349;10431;15049;15095;28168;11757
15;08.04.2022;12268;9931;17764;17841;15955;13506;30404;24431;13531;15233;9222;16487;0;30404;81180;14436;15313;9931;17841;10875;16018;17764;30448;14801
15;09.04.2022;9369;8288;12301;13199;14210;10890;23298;18085;11177;10065;7116;14904;0;23298;57838;11478;11623;8288;13199;8413;10769;12301;23676;12708
16;10.04.2022;8476;7056;14264;13004;11988;9466;21563;16194;9720;10246;6619;12356;0;21563;50915;10384;10333;7056;13004;6176;10900;14264;20125;11192
16;11.04.2022;11540;8801;14616;16016;13732;12048;28663;22361;11784;13607;8725;14229;0;28663;77238;13025;14355;8801;16016;10157;14536;14616;28018;12657
16;12.04.2022;11775;8825;14938;16655;13541;12145;28950;22799;11950;14040;8983;14059;0;28950;80329;13011;14568;8825;16655;10348;14566;14938;28452;12419
16;13.04.2022;12582;9479;16576;17981;16014;13673;31317;24487;13641;15222;9643;16762;0;31317;84990;14542;15521;9479;17981;11380;16082;16576;30414;14392
16;14.04.2022;12912;10540;19643;19650;18824;15496;31968;26367;15386;17128;9968;18978;10216;31968;86798;16468;15857;10540;19650;13151;17383;19643;32980;18491
16;15.04.2022;11299;10340;22141;19575;17949;14047;27213;24932;14795;17260;9091;18602;10983;27213;73729;15199;13507;10340;19575;8635;15694;22141;30872;16534
16;16.04.2022;7170;6383;14296;11207;10388;7794;16394;12756;8264;9214;6017;10454;9321;16394;41274;8012;8323;6383;11207;5788;9305;14296;15004;10244
17;17.04.2022;7166;5608;10641;9573;6664;6248;15793;10311;7067;6786;6198;6197;8607;15793;43662;6486;8059;5608;9573;3252;7805;10641;12110;7676
17;18.04.2022;8777;6712;23220;17012;15420;11322;21943;17944;12180;13752;7385;15213;10354;21943;58673;12574;10169;6712;17012;5931;12725;23220;20724;15868
17;19.04.2022;12759;10512;22588;19741;19521;14761;31126;25769;14621;17863;9842;20599;12693;31126;81677;16004;15675;10512;19741;11763;17744;22588;31323;17186
17;20.04.2022;12272;9942;17028;17720;15989;13058;29848;23476;13057;15316;9386;17024;11012;29848;79633;14012;15157;9942;17720;10441;15555;17028;29150;13745
17;21.04.2022;12053;9751;16716;17780;14768;12700;30086;23303;12386;15284;9232;15564;10473;30086;80408;13785;14875;9751;17780;10657;15558;16716;28824;13044
17;22.04.2022;12722;10104;20370;19294;16775;13892;31620;25084;13890;16627;9780;17401;9893;31620;83770;14950;15664;10104;19294;10985;16970;20370;31007;15420
17;23.04.2022;9456;8597;15385;14441;14939;11491;25101;18223;12085;11439;7317;15750;10797;25101;60339;11912;11594;8597;14441;8553;11823;15385;22959;13182
18;24.04.2022;8520;7464;16649;14947;15511;11053;23523;18146;11609;12202;6928;16392;9495;23523;56142;11962;10112;7464;14947;6886;12535;16649;22333;13602
18;25.04.2022;11287;9177;15248;16501;14779;12367;28522;22681;12023;14306;8591;15679;9210;28522;75379;13449;13983;9177;16501;10425;15266;15248;28552;12830
18;26.04.2022;11579;9551;15186;16712;13879;11906;28842;22922;11533;14388;9025;14839;11898;28842;79265;13005;13937;9551;16712;10005;14768;15186;28841;11799
18;27.04.2022;11946;9676;15431;17068;14537;12222;30238;23212;11978;14899;9362;15560;10236;30238;75928;13271;14332;9676;17068;10075;15213;15431;29147;12319
18;28.04.2022;12318;9895;17385;18383;15290;13109;30436;24155;12662;16119;9670;16207;9819;30436;84378;14159;14762;9895;18383;11561;16203;17385;29673;13303
18;29.04.2022;13807;11095;25225;22848;19479;15352;33521;28468;15528;21183;10831;20098;10090;33521;88230;16145;16555;11095;22848;12645;19731;25225;33805;18138
18;30.04.2022;10895;9356;26349;20585;16711;13107;28168;22146;14054;18542;8648;17228;10571;28168;63629;13122;12969;9356;20585;10221;15879;26349;24867;15590
19;01.05.2022;9519;7126;19502;15135;12378;11082;23414;15992;12524;12669;8183;12482;7404;23414;48774;11339;10650;7126;15135;7446;12507;19502;18435;12154
19;02.05.2022;10112;8751;18963;16180;14101;11692;25804;16833;12567;12798;7975;14383;9539;25804;54796;11178;12085;8751;16180;10899;12348;18963;21781;13442
19;03.05.2022;9063;8179;28046;18820;13400;11764;23132;17759;13460;17514;7733;13276;9343;23132;55761;11068;10393;8179;18820;9564;14998;28046;20165;13669
19;04.05.2022;12151;10102;17407;17411;14242;12765;30525;21312;12287;15440;9644;14798;11582;30525;76860;13370;14658;10102;17411;12487;15478;17407;28038;12944
19;05.05.2022;12224;9863;15874;16995;14458;12939;30252;20944;12469;14707;9734;15185;11463;30252;79171;13304;14714;9863;16995;13169;14967;15874;27764;12763
19;06.05.2022;12989;10405;19171;18777;16087;14106;32203;22699;13854;15955;10292;16494;12777;32203;82562;14660;15687;10405;18777;13441;16489;19171;30013;15138
19;07.05.2022;10117;8739;14949;14277;13268;11246;25232;16640;11724;11356;8064;13756;9925;25232;63072;11307;12170;8739;14277;10059;12132;14949;21931;12129
20;08.05.2022;9335;7520;18313;14517;13130;10591;24510;15844;11271;12028;7789;13422;8988;24510;55742;11242;10880;7520;14517;7665;12455;18313;20344;12448
20;09.05.2022;11972;9544;16125;16546;14848;13199;30603;21421;12835;14535;9497;15628;11751;30603;80971;13813;14447;9544;16546;12649;15417;16125;28976;13030
20;10.05.2022;12219;10212;15673;16771;13871;12631;30233;21204;12365;14359;9797;14713;11808;30233;82964;12921;14641;10212;16771;12577;15018;15673;28325;11907
20;11.05.2022;12367;10106;16270;17270;14068;12895;30658;21564;12617;14910;9871;14912;11739;30658;84121;13273;14863;10106;17270;12676;15294;16270;28699;12101
20;12.05.2022;12453;10182;17296;17746;14959;13726;31312;22379;13187;15680;9939;15567;11925;31312;84895;14278;14968;10182;17746;13700;15950;17296;29803;13540
20;13.05.2022;13174;10798;21288;19707;17181;14744;33312;24109;14681;17118;10479;17594;13386;33312;89380;15245;16077;10798;19707;13781;17555;21288;31755;16217
20;14.05.2022;10344;8961;15237;14599;13458;11603;27364;17205;12030;11847;8262;13742;10063;27364;66164;11670;12586;8961;14599;10517;12728;15237;22604;12794
21;15.05.2022;9628;7718;20008;15763;13682;11445;26070;16988;12420;13362;7926;13843;9544;26070;60282;11805;11460;7718;15763;8507;13503;20008;21308;13308
21;16.05.2022;11793;9925;16735;16947;15366;13437;30218;21635;13194;15101;9314;16120;11909;30218;81232;13988;14463;9925;16947;12757;15736;16735;28678;13607
21;17.05.2022;12051;10273;15419;16837;14203;12652;29888;21272;12350;14564;9178;15029;11759;29888;81898;12964;15165;10273;16837;12632;14919;15419;28418;12276
21;18.05.2022;12236;10141;16429;17489;14175;12850;30439;21077;12502;15029;9576;14896;11165;30439;83932;13415;15339;10141;17489;12372;15439;16429;28038;12492
21;19.05.2022;12448;10406;17600;18179;14766;13286;31170;22059;12718;15808;9846;15326;11419;31170;84860;13950;15484;10406;18179;13072;15996;17600;29537;13460
21;20.05.2022;13131;10902;21844;20212;17207;14645;33019;23731;14608;17712;10471;17550;12730;33019;86634;15248;15996;10902;20212;13400;17854;21844;31150;16407
21;21.05.2022;9938;8540;15454;14188;13693;11167;26475;15977;11698;11796;7876;13917;9116;26475;0;11360;12159;8540;14188;9576;12385;15454;22279;13171
22;22.05.2022;9018;7418;18591;14859;13025;10722;24745;15288;11660;12932;7189;13234;8421;24745;0;11182;11152;7418;14859;7648;12577;18591;20165;12539
22;23.05.2022;11996;10050;17005;17011;14882;13094;30282;20556;12744;15075;9386;15455;11264;30282;0;13671;15042;10050;17011;12594;15804;17005;28943;13547
22;24.05.2022;12008;10036;16390;16815;14025;12553;29903;20980;12226;14660;9408;14602;10970;29903;82064;13042;15041;10036;16815;12194;15027;16390;28295;12680
22;25.05.2022;12111;10240;17326;17410;16454;13613;30674;21675;13692;15176;9507;16548;11252;30674;81200;13710;15148;10240;17410;13224;15715;17326;29331;16235
22;26.05.2022;13012;10960;19129;19183;16127;14718;33016;23741;14022;16781;10187;16328;12161;33016;89363;15977;16307;10960;19183;13476;17002;19129;32113;15656
22;27.05.2022;13031;10294;23149;19950;15866;13920;32873;23429;13650;17454;10271;16001;12357;32873;87972;14704;16004;10294;19950;12792;17937;23149;30705;15551
22;28.05.2022;10155;7553;16054;14905;13789;10974;26511;16688;11381;12244;8021;13704;9195;26511;61772;11320;12645;7553;14905;9319;12235;16054;21992;13986
23;29.05.2022;9591;6822;20172;15204;16208;12054;25295;17148;13039;13481;7774;16280;9180;25295;58765;12784;11710;6822;15204;8280;13586;20172;22043;16039
23;30.05.2022;11896;9284;16736;16695;15691;13115;30363;21449;12683;14752;9208;16391;11236;30363;79776;13883;15032;9284;16695;12378;15849;16736;29123;14055
23;31.05.2022;11959;10164;15903;16747;14347;12673;30315;21270;12510;14553;9370;15039;11189;30315;83248;13110;14979;10164;16747;12073;15033;15903;28913;12731
23;01.06.2022;12306;9583;16804;16886;14052;12882;30479;21699;12577;14811;9688;15103;11728;30479;82995;13610;15142;9583;16886;11949;15070;16804;29443;12417
23;02.06.2022;12527;9116;18198;17938;14715;13270;31075;22656;12984;15744;9992;15862;11955;31075;84720;13765;15273;9116;17938;12809;16031;18198;30657;12931
23;03.06.2022;13523;9721;23260;20592;17649;14773;32958;24812;15141;18186;10738;18112;13377;32958;88706;15229;16540;9721;20592;12958;17520;23260;32965;16930
23;04.06.2022;10056;7725;18614;16384;14689;11069;25354;17881;11587;13702;7982;15107;9903;25354;65249;11457;12302;7725;16384;9077;12050;18614;23317;14038
24;05.06.2022;9418;7129;24514;18507;11413;10366;23877;16154;11464;15214;7893;10933;9107;23877;0;10831;10944;7129;18507;6928;13457;24514;20026;12160
24;06.06.2022;12468;9562;18711;17826;16079;14219;31159;22090;13544;16022;9905;16337;12380;31159;0;15398;15246;9562;17826;13109;16076;18711;31293;15676
24;07.06.2022;12006;9496;16708;16921;14399;12620;29799;21278;12712;14610;9536;15077;11468;29799;79853;12842;14681;9496;16921;11928;15078;16708;28812;13345
24;08.06.2022;12114;10068;17580;17422;13622;12457;29697;21601;12171;15248;9607;14585;11399;29697;82806;12987;14828;10068;17422;11922;15224;17580;29000;12122
24;09.06.2022;12417;10082;19267;18209;14550;13089;29929;22550;12777;16293;9880;15552;11782;29929;85334;13683;15165;10082;18209;12471;15708;19267;30136;12993
24;10.06.2022;13458;10094;24050;21005;17540;14875;32415;25141;14906;19160;10642;18322;13411;32415;90041;15538;16510;10094;21005;13347;17749;24050;32935;16323
24;11.06.2022;10464;8556;20903;17502;15014;12114;26596;18867;12760;15410;8422;15475;10395;26596;66103;12438;12677;8556;17502;9978;12789;20903;24040;14298
25;12.06.2022;9778;7792;24044;18188;14074;11462;25300;17682;12168;15853;8130;14232;9497;25300;62913;12362;11563;7792;18188;7927;13218;24044;21318;13829
25;13.06.2022;12243;10416;19144;17682;14819;13116;29866;22348;12695;16112;9567;15588;11649;29866;81968;13858;15142;10416;17682;12410;15639;19144;29981;13622
25;14.06.2022;12566;10765;18432;17829;14370;13063;28903;22359;12734;16094;9934;15325;12327;28903;85493;13600;15417;10765;17829;12604;15460;18432;30048;12884
25;15.06.2022;14167;11350;28383;22854;17102;15088;34515;26154;14997;21999;11249;17580;13587;34515;90257;15631;17328;11350;22854;14095;19156;28383;33378;16358
25;16.06.2022;8520;8372;28179;17759;15133;11829;22281;17294;12642;17963;6914;15456;9514;22281;50591;11811;10260;8372;17759;10079;12351;28179;19859;14632
25;17.06.2022;11517;10506;19938;16833;15538;12353;28030;18963;12820;14265;9427;16079;11224;28030;61316;12105;13782;10506;16833;11871;13585;19938;25050;14695
25;18.06.2022;10186;9844;23681;17996;15330;11630;25761;17797;12496;16056;8289;15057;10093;25761;55103;11569;12241;9844;17996;9855;12464;23681;21964;15756
26;19.06.2022;11181;10079;36429;23946;18174;14137;27906;22688;15246;23817;9279;18401;11836;27906;66843;14967;13241;10079;23946;9869;17680;36429;25793;17822
26;20.06.2022;12375;10663;23631;19495;16069;13644;30291;23043;13312;18476;9731;16668;12474;30291;77507;14499;15239;10663;19495;12496;16675;23631;29961;15137
26;21.06.2022;12271;10860;18394;17364;14187;12970;30131;22092;12629;15572;9616;15295;12451;30131;84162;13600;15147;10860;17364;12336;15379;18394;29801;12464
26;22.06.2022;12561;10873;18641;17835;14191;12943;30605;22189;12743;15832;9810;15309;12391;30605;84421;13476;15541;10873;17835;12209;15455;18641;29846;12451
26;23.06.2022;12837;11467;20557;18754;15142;13386;29538;23065;13154;16637;10192;16210;12560;29538;87188;13851;15701;11467;18754;12875;16183;20557;31021;13480
26;24.06.2022;13716;10425;26813;21231;17973;14982;33047;24962;14822;19354;10748;18697;13638;33047;88166;15553;16931;10425;21231;14079;17575;26813;32822;16846
26;25.06.2022;10761;9794;28197;20320;16670;12350;27457;20357;12518;19310;8527;16753;10858;27457;67652;12721;13182;9794;20320;11165;13840;28197;24661;16541
27;26.06.2022;10264;9438;28136;19970;15352;11690;26372;18844;12189;17598;8405;15219;10035;26372;63481;12161;12278;9438;19970;9552;14561;28136;22607;15560
27;27.06.2022;12477;11200;23789;19598;15760;13349;30906;22862;12935;17841;9865;16510;12320;30906;81780;14174;15308;11200;19598;12444;16421;23789;29940;14593
27;28.06.2022;12136;11094;21302;18977;14368;12677;29583;21908;12431;16610;9623;15189;11949;29583;81288;13226;14858;11094;18977;12012;15162;21302;28993;13091
27;29.06.2022;12229;10654;23212;20221;14399;12618;30484;22361;12314;17358;9702;15264;12038;30484;81719;13168;14965;10654;20221;12077;15406;23212;29435;13053
27;30.06.2022;12380;10754;24552;21198;15693;13702;30930;23454;13405;18370;9839;16295;12603;30930;80699;14259;15133;10754;21198;13130;16401;24552;30899;14758
27;01.07.2022;13064;12717;28818;21293;18106;14841;33684;24906;14988;20150;10291;18740;13533;33684;84858;15378;16300;12717;21293;13336;17673;28818;32273;17120
27;02.07.2022;10014;10807;29497;19491;17214;12777;27403;20270;13395;20202;8029;16974;10455;27403;59159;13077;12331;10807;19491;10758;13299;29497;24426;17587
28;03.07.2022;9772;9774;33137;21250;16261;12058;26398;19411;12949;20251;8158;16080;10000;26398;59190;12516;11655;9774;21250;9088;13794;33137;22429;16542
28;04.07.2022;12145;12161;25757;19087;16488;13810;32010;22995;13616;18528;9557;17119;12126;32010;78197;14477;15164;12161;19087;12771;16249;25757;30022;15508
28;05.07.2022;11606;11955;21385;17560;14608;12318;30069;21811;12170;16161;9192;15508;12016;30069;78582;13039;14422;11955;17560;11054;14713;21385;29251;13209
28;06.07.2022;11867;11690;21924;17846;14753;12662;31301;21809;12544;16277;9351;15574;11898;31301;80001;13231;14801;11690;17846;11667;15102;21924;29075;13475
28;07.07.2022;12223;12157;24077;18924;15572;13432;31608;22867;13024;17404;9635;16313;12212;31608;82407;13916;15242;12157;18924;13267;15890;24077;30397;14419
28;08.07.2022;12416;12974;29234;21222;18230;14930;32982;25222;15046;20263;10264;18705;13628;32982;84789;15381;15155;12974;21222;13681;17659;29234;32909;17491
28;09.07.2022;10369;11872;33189;20658;18178;12900;27944;21439;13563;21478;8288;18218;10583;27944;64783;13117;12797;11872;20658;10962;13955;33189;25891;18118
29;10.07.2022;9256;10275;32590;19527;16334;11877;24889;19233;12773;19262;7619;16449;9769;24889;58203;12327;11165;10275;19527;8918;13665;32590;22862;16157
29;11.07.2022;12255;12180;26882;19596;16957;13934;31861;23478;13762;18960;9574;17718;12585;31861;79849;14486;15383;12180;19596;13094;16055;26882;30656;15773
29;12.07.2022;11871;11849;21243;18002;14694;12966;30738;21958;12806;16654;9320;15445;11885;30738;78714;13301;14848;11849;18002;12579;15254;21243;29181;13527
29;13.07.2022;11975;11586;22986;18456;15105;13103;32145;22139;12931;16785;9339;15866;12010;32145;80339;13459;15050;11586;18456;12699;15498;22986;29354;13923
29;14.07.2022;12543;12013;25342;19450;16479;14144;32893;23540;13811;18250;9922;17305;12469;32893;82556;14619;15600;12013;19450;13832;16814;25342;31081;15193
29;15.07.2022;13410;13050;31349;22794;19751;15751;35615;26192;15975;22141;10448;20095;13426;35615;84980;16107;16867;13050;22794;14475;18552;31349;33765;19216
29;16.07.2022;10613;11869;36673;22407;20188;14611;30015;22944;14836;24477;8418;19876;10767;30015;61400;15794;13173;11869;22407;11514;14808;36673;27211;20675
30;17.07.2022;9715;10170;36229;22385;18372;13926;28544;21555;14800;22749;8223;18218;10544;28544;60643;14814;11614;10170;22385;10051;15688;36229;25057;18612
30;18.07.2022;11787;12762;29230;21404;17928;14220;32968;24335;14179;21359;9731;18098;12407;32968;78482;14671;14404;12762;21404;13318;17081;29230;30895;17664
30;19.07.2022;11437;12252;23871;19191;15029;13006;31815;22072;12870;17548;9492;15504;11832;31815;77616;13367;13912;12252;19191;12511;15667;23871;28793;14291
30;20.07.2022;11636;12125;26195;20248;15558;12929;32162;22433;12744;18411;9768;15821;11795;32162;79774;13363;14015;12125;20248;12380;15699;26195;28970;15148
30;21.07.2022;11882;12467;28721;20918;16959;13744;30646;23337;13635;19374;9974;17416;12068;30646;80215;14075;14311;12467;20918;13256;16292;28721;30174;16249
30;22.07.2022;13361;13330;32547;23670;19891;15333;34744;25880;15566;22709;10473;19826;13115;34744;83167;15879;16730;13330;23670;13619;17946;32547;32954;19993
30;23.07.2022;10659;12341;40338;24164;20130;13665;29099;22847;14435;25696;8619;19559;10359;29099;61346;14177;13038;12341;24164;10845;14577;40338;26343;21020
31;24.07.2022;9844;11036;39923;23812;18880;13387;28564;21822;14719;23899;8536;18455;10366;28564;60371;13719;11509;11036;23812;9725;15582;39923;24988;19541
31;25.07.2022;12460;12807;31361;22322;18284;14220;33186;24207;14463;21738;9567;18071;12240;33186;78957;14874;15595;12807;22322;12246;17004;31361;30392;18615
31;26.07.2022;11925;12261;23620;19162;15229;13009;30981;21923;13178;17767;9354;15584;11528;30981;77433;13381;14924;12261;19162;11820;15196;23620;28523;14678
31;27.07.2022;12370;12260;25018;19663;15400;13343;32267;22415;13670;18133;9696;15738;11792;32267;79183;13652;15489;12260;19663;11940;15778;25018;29130;14876
31;28.07.2022;12642;12549;27969;20691;16657;14416;33423;23390;14693;19152;9682;17033;12229;33423;80614;14677;15849;12549;20691;13231;16341;27969;30367;16073
31;29.07.2022;13236;13262;33777;23353;19933;15670;34437;25673;16226;22020;10325;19899;13084;34437;84520;16102;16633;13262;23353;13499;18160;33777;32862;19985
31;30.07.2022;10638;12560;38710;24645;21002;14280;28945;23406;15256;25568;8368;20739;10512;28945;62116;14712;13287;12560;24645;11182;14846;38710;27606;21412
32;31.07.2022;9761;10204;40974;24104;20373;13595;25655;21901;15466;23769;7751;19992;9321;25655;56447;13771;12106;10204;24104;9090;14458;40974;26086;20965
32;01.08.2022;12659;12712;32335;22463;18927;15063;32099;24570;15177;22282;9614;18695;12376;32099;80836;16358;15957;12712;22463;12483;17209;32335;30700;19289
32;02.08.2022;12052;12308;25054;19151;15543;13473;30406;22025;13552;17692;9484;15948;11773;30406;78975;14378;15047;12308;19151;11672;15522;25054;28587;14912
32;03.08.2022;12215;12048;26823;19946;15886;13544;31891;22330;13623;18195;9447;16075;11570;31891;80169;14459;15214;12048;19946;11722;15571;26823;28984;15592
32;04.08.2022;12506;12380;29368;21005;16796;14204;30109;23210;14097;19105;9546;17051;11956;30109;80797;15330;15712;12380;21005;12416;16285;29368;30089;16400
32;05.08.2022;13348;13026;32437;23430;19415;15693;34233;25237;15890;21830;10449;19251;13059;34233;83364;17009;16731;13026;23430;12890;17925;32437;32068;19671
32;06.08.2022;11024;12249;38825;23937;20415;14774;28536;22610;15597;24243;8700;19843;10669;28536;59579;16066;13737;12249;23937;10635;14555;38825;26747;21305
33;07.08.2022;11083;11054;40613;24431;19700;15068;28512;22200;16184;23864;8923;19375;10772;28512;63012;16662;13604;11054;24431;9742;16144;40613;25520;20205
33;08.08.2022;12512;12574;30847;21879;18469;14856;33273;24148;14711;20967;9737;18496;12396;33273;80994;16287;15749;12574;21879;12601;17075;30847;30640;18425
33;09.08.2022;12192;12386;24337;19350;15526;13677;31378;22138;13588;17546;9558;15850;11810;31378;78976;14604;15265;12386;19350;12207;15504;24337;28945;15023
33;10.08.2022;12413;12606;26227;20344;16115;14153;32079;22888;14087;18648;9739;16346;12254;32079;82066;15126;15532;12606;20344;12549;16073;26227;29526;15755
33;11.08.2022;12845;13305;30379;22012;17188;15187;33031;24485;14992;20498;10139;17605;12564;33031;84272;16288;16002;13305;22012;13635;17248;30379;31542;16538
33;12.08.2022;14098;14615;40791;26684;21469;17470;35877;28035;17685;26027;10873;20951;14078;35877;86832;18928;17860;14615;26684;14373;19994;40791;34743;22275
33;13.08.2022;11499;14039;43631;26502;21069;15443;29461;24266;16014;26808;8963;20158;11302;29461;61867;16753;14458;14039;26502;11829;16344;43631;28126;22486
34;14.08.2022;9963;10817;41577;23794;19726;13552;25567;20474;14718;23090;7838;18979;9458;25567;52960;14843;12442;10817;23794;8663;14118;41577;23331;20887
34;15.08.2022;10277;11941;41589;23578;18585;14721;27932;21208;15537;23745;8497;17701;10004;27932;58731;15215;12219;11941;23578;12036;16658;41589;23610;19861
34;16.08.2022;12757;13226;30006;21508;16691;14551;33598;24278;14115;20702;10126;16706;12399;33598;82312;15972;15828;13226;21508;12951;17236;30006;31051;16667
34;17.08.2022;12619;12592;26821;20182;15968;14076;33586;23097;13921;18609;9965;16287;12385;33586;81566;14971;15715;12592;20182;12804;16175;26821;29993;15472
34;18.08.2022;12341;13160;27810;20726;16202;14585;33693;23585;14447;19071;10228;16756;12240;33693;83502;15548;15031;13160;20726;13153;16678;27810;30699;15341
34;19.08.2022;13643;13938;33047;23163;18973;15735;35496;25629;15933;21535;10776;19089;13054;35496;86724;16782;16989;13938;23163;13413;18291;33047;33001;18792
34;20.08.2022;11096;12986;30639;20440;17808;13785;29759;21123;14315;20723;8948;17874;10343;29759;66301;14805;13602;12986;20440;10782;14565;30639;25580;17706
35;21.08.2022;10778;11387;31518;19936;17439;12568;26580;19850;13069;19935;8998;17652;10385;26580;62201;14247;12856;11387;19936;8445;15259;31518;23097;17107
35;22.08.2022;12507;13166;26723;19694;16790;14232;32647;23531;13942;18626;9778;17398;12535;32647;83698;15474;15690;13166;19694;12632;16693;26723;30754;15845
35;23.08.2022;12212;12890;22592;18074;14973;13071;32285;22172;12960;16616;9594;15619;11909;32285;83321;13713;15267;12890;18074;12157;15417;22592;29498;13967
35;24.08.2022;12377;12373;23357;18773;15106;13573;31856;22662;13334;17302;9745;15889;12182;31856;84979;14610;15448;12373;18773;12235;15739;23357;29934;13889
35;25.08.2022;12831;12693;27971;20113;16281;14399;32184;23973;13999;18639;10069;17003;12917;32184;85091;15534;16053;12693;20113;13234;17223;27971;31467;15157
35;26.08.2022;13551;13578;34765;22954;18686;15626;34180;26129;15561;21477;10783;19039;13818;34180;89137;16939;16780;13578;22954;13408;19067;34765;33654;18135
35;27.08.2022;11003;11918;32061;20149;16429;13333;29534;20386;13587;18309;8712;16509;10897;29534;67734;14422;13676;11918;20149;10816;14362;32061;25299;16305
36;28.08.2022;11205;11300;36723;21641;16611;13445;27421;20924;13830;19893;9228;17000;10966;27421;68069;15037;13512;11300;21641;9731;15563;36723;25151;16005
36;29.08.2022;12386;12456;26181;19308;16471;14148;32123;23673;13837;18233;9732;17501;12757;32123;87615;15490;15482;12456;19308;12417;16672;26181;31135;14869
36;30.08.2022;12341;12088;20713;17654;14730;13592;32237;22357;13178;16074;9638;15729;12180;32237;88357;14610;15495;12088;17654;12671;15563;20713;29991;13176
36;31.08.2022;12469;11521;20966;18044;15069;13635;31813;22643;13181;16142;9520;15826;12263;31813;90415;14802;15663;11521;18044;12534;15881;20966;30440;13892
36;01.09.2022;11853;11302;19766;16916;15000;13475;25566;21778;13154;15393;9099;15864;12015;25566;84414;14581;14836;11302;16916;12190;14966;19766;29441;13655
36;02.09.2022;12984;12189;24774;19272;17253;15059;33390;24175;14972;17529;10014;17909;13217;33390;92405;16279;16447;12189;19272;13056;17294;24774;32318;16231
36;03.09.2022;10175;10688;20767;15942;14989;12738;27739;18082;13336;13819;8116;15383;10194;27739;67478;13244;12576;10688;15942;10515;12927;20767;23611;14374
37;04.09.2022;9611;9744;25134;17101;15489;12585;25547;18261;13734;15361;7740;15859;9973;25547;62056;13522;11794;9744;17101;8371;14251;25134;22947;14912
37;05.09.2022;11848;10900;19521;16461;15400;13656;30718;22027;13117;15221;8941;16381;12259;30718;87077;15107;14997;10900;16461;12229;15842;19521;29762;13874
37;06.09.2022;11649;11234;18067;16021;13694;12792;29963;21210;12347;14291;8881;14754;11828;29963;85841;13860;14649;11234;16021;11851;15222;18067;28837;12046
37;07.09.2022;11763;11060;18536;16400;14024;12933;30533;21658;12677;14747;8991;14962;12090;30533;87568;13832;14765;11060;16400;11880;15729;18536;29296;12564
37;08.09.2022;12030;11432;20418;17171;14606;13657;25865;22317;13174;15470;9205;15685;12351;25865;88191;14723;15090;11432;17171;12803;16315;20418;30090;12929
37;09.09.2022;12940;12007;25051;18974;17143;15232;33410;24490;15171;17618;9619;17998;13875;33410;91093;16389;16537;12007;18974;13283;17953;25051;32635;15812
37;10.09.2022;9859;10001;19216;15136;14091;11942;26089;17425;12078;12986;7513;14546;10039;26089;64624;12645;12595;10001;15136;10375;12207;19216;22968;13382
38;11.09.2022;8375;8232;23362;15925;14397;11482;24023;16788;11896;14142;6396;14977;9094;24023;56485;12877;10685;8232;15925;8058;11943;23362;21391;13494
38;12.09.2022;11817;11095;18822;16471;15037;13605;30598;21964;13026;15094;8865;16158;12389;30598;85124;14944;15014;11095;16471;12469;15386;18822;29823;13293
38;13.09.2022;11651;11191;17087;15655;13380;12902;29930;21157;12497;14030;9136;14175;11820;29930;86447;13883;14585;11191;15655;12025;14537;17087;29029;12055
38;14.09.2022;11852;11024;18465;16526;13779;12969;30752;21877;12436;14869;9274;14637;12044;30752;88985;14039;14860;11024;16526;12216;15038;18465;29849;12348
38;15.09.2022;12053;11333;17625;17226;14706;13734;26007;21841;13166;15628;9504;15482;12196;26007;89404;14939;15027;11333;17226;12812;15646;17625;29016;13414
38;16.09.2022;13151;11826;24747;19196;16565;15122;33506;24664;14946;17595;10126;17054;13712;33506;92695;16311;16681;11826;19196;13366;17618;24747;33146;15749
38;17.09.2022;10007;10165;18182;14501;13630;11992;27271;17441;11763;12364;7865;14071;10404;27271;64910;12429;12507;10165;14501;11709;12260;18182;23273;12894
39;18.09.2022;8323;8883;21507;14693;13267;11098;24333;16573;11208;13002;6527;13790;9425;24333;56798;12449;10418;8883;14693;8423;12371;21507;21441;12394
39;19.09.2022;11743;10706;17663;15615;14429;13121;31065;21488;12541;14136;9175;15422;12017;31065;86762;14391;14740;10706;15615;12113;15096;17663;29523;12773
39;20.09.2022;11480;10942;16615;15373;13403;12452;30681;20956;11915;13664;8974;14418;11758;30681;86135;13552;14403;10942;15373;11651;14420;16615;28874;11710
39;21.09.2022;11070;10415;17241;15961;13448;12929;30581;21400;12284;14208;9151;14327;11910;30581;87479;14695;13513;10415;15961;11522;14765;17241;29355;11983
39;22.09.2022;11281;10314;19120;16678;14341;13809;31556;22470;13078;15167;9350;15259;12474;31556;89493;15634;13738;10314;16678;12497;15742;19120;30694;12810
39;23.09.2022;12993;11957;23869;18857;16435;15242;34518;24616;15002;17276;10136;17084;13982;34518;90332;17325;16327;11957;18857;12438;17623;23869;33233;15352
39;24.09.2022;9961;10674;17292;14463;13203;12221;27687;17680;12804;11776;7882;13874;10542;27687;66968;13189;12387;10674;14463;9391;12153;17292;24145;12086
40;25.09.2022;9274;9831;21369;15106;13099;11886;24750;17720;12602;13314;7604;13681;10147;24750;68225;13647;11223;9831;15106;7491;12905;21369;23105;12129
40;26.09.2022;11722;11609;18058;15518;14222;13342;31005;21814;12553;14216;9198;15264;11901;31005;86903;15366;14667;11609;15518;11841;15039;18058;29927;12486
40;27.09.2022;11687;11819;16730;15456;13190;12788;30623;21261;12043;13746;9239;14195;11588;30623;87849;14457;14542;11819;15456;11758;14513;16730;29166;11514
40;28.09.2022;11848;11738;17280;15917;13357;13077;30537;21693;12250;14193;9212;14280;11856;30537;89428;14715;14924;11738;15917;12278;14985;17280;29597;11818
40;29.09.2022;12087;11823;19013;16678;14370;13909;31038;22524;13050;14840;9531;15321;12330;31038;91454;15978;15070;11823;16678;12489;15645;19013;30682;12786
40;30.09.2022;13023;12684;23552;18796;17492;15659;32380;24754;15412;16878;10195;17860;13469;32380;94825;17893;16323;12684;18796;12630;17453;23552;33504;16880
40;01.10.2022;10038;10541;11061;15044;14516;12016;26091;18148;12415;12080;7942;15211;10613;26091;67656;13996;12485;10541;15044;8646;12154;11061;24474;13357
41;02.10.2022;8738;9415;11742;14179;10623;10036;23163;15696;10303;12439;7051;10614;8983;23163;59376;12174;10705;9415;14179;6697;12156;11742;19502;10638
41;03.10.2022;11777;11683;10877;15168;15367;14181;29486;22076;13606;13727;9144;15525;12087;29486;84060;16921;14848;11683;15168;11583;14804;10877;30970;15103
41;04.10.2022;11386;11336;10185;15204;14075;12749;26738;20713;12362;13294;8891;14866;11426;26738;87440;14528;14297;11336;15204;11088;13999;10185;28394;12758
41;05.10.2022;11706;11343;10520;15704;13284;12725;29609;21298;12327;13824;9209;14180;11737;29609;88657;14586;14620;11343;15704;10972;14627;10520;29085;11793
41;06.10.2022;12052;11754;11270;16280;13830;13297;29245;21897;12698;14362;9493;14682;11880;29245;87430;15196;15038;11754;16280;11865;15503;11270;29904;12411
41;07.10.2022;13074;12359;13598;18708;16140;15066;33557;24199;15040;16305;10186;16720;13233;33557;94175;16984;16443;12359;18708;12556;17558;13598;32700;15174
41;08.10.2022;10295;10548;9716;14143;13027;12005;27921;17173;12545;10940;8209;13687;10460;27921;67001;13217;12729;10548;14143;9398;12149;9716;23098;11927
42;09.10.2022;9660;8999;11004;14644;12914;12029;25809;16501;13064;12168;7698;13381;9228;25809;60913;13814;11949;8999;14644;7751;13253;11004;21148;12135
42;10.10.2022;11695;10936;10634;15177;13795;13152;30396;21057;12618;13383;9130;14672;11636;30396;85669;15206;14688;10936;15177;11393;15011;10634;28616;12333
42;11.10.2022;11558;11628;10310;15235;13158;12625;29144;20709;12073;13293;9105;14147;11232;29144;84632;14302;14420;11628;15235;11403;14265;10310;28224;11508
42;12.10.2022;11664;11376;10560;15616;13215;12854;29773;21331;12417;13719;9181;14066;11507;29773;88386;14499;14560;11376;15616;11463;14823;10560;29290;11796
42;13.10.2022;12126;11982;11217;16403;14379;13827;30998;22300;13255;14574;9457;15180;12014;30998;90718;15726;15240;11982;16403;12344;15696;11217;30481;13045
42;14.10.2022;13262;12739;13458;18650;16517;15231;33018;24373;15122;16516;10281;17060;13228;33018;93942;17399;16739;12739;18650;12539;17842;13458;32905;15613
42;15.10.2022;10033;10740;9249;13489;13018;11487;26091;16600;11820;10478;7934;13520;9901;26091;67802;12602;12481;10740;13489;9391;11802;9249;22348;12183
43;16.10.2022;9956;9166;10761;13888;13153;12019;27051;16633;13111;12017;7922;13703;9606;27051;62279;13920;12330;9166;13888;7483;13596;10761;21297;12236
43;17.10.2022;11826;11319;10491;15205;13959;13424;29857;21040;12924;13605;9249;14844;11711;29857;83746;15391;14832;11319;15205;11716;15011;10491;28470;12482
43;18.10.2022;11634;11657;10237;15054;13092;12683;29585;20645;12049;13133;9109;14098;11334;29585;88009;14450;14580;11657;15054;11488;14390;10237;28003;11414
43;19.10.2022;11734;11349;10554;15519;13232;12717;29344;21166;12059;13551;9174;14248;11361;29344;88419;14682;14721;11349;15519;11301;14624;10554;28834;11539
43;20.10.2022;12005;11788;11195;16146;13825;13591;30398;22086;12905;14231;9373;14846;11720;30398;91279;15632;15077;11788;16146;12128;15529;11195;30053;12123
43;21.10.2022;12945;12333;12789;17640;16196;14917;32304;23850;14604;15746;10016;17109;13056;32304;94414;17220;16362;12333;17640;12421;16846;12789;32185;14676
43;22.10.2022;9882;10068;8908;12898;12772;11395;25255;16511;11564;10303;7784;13382;9832;25255;66043;12671;12330;10068;12898;9387;11654;8908;22381;11754
44;23.10.2022;8963;8642;9287;12614;12471;11250;24610;15425;12095;10628;7036;13096;8802;24610;57875;13259;11212;8642;12614;7021;11953;9287;20274;11429
44;24.10.2022;11679;11080;10406;14916;13993;13196;29556;21098;12539;13238;9197;14857;11578;29556;85769;15327;14575;11080;14916;11560;14685;10406;28896;12552
44;25.10.2022;11335;11382;10218;15313;13252;13077;30330;21065;12445;13438;9160;14273;11593;30330;87116;14615;13873;11382;15313;12188;14277;10218;28719;11549
44;26.10.2022;11618;11245;10735;15896;13770;13629;31082;21696;13041;14062;9436;14764;12020;31082;87340;15215;14165;11245;15896;12591;15001;10735;29422;12114
44;27.10.2022;11982;11782;11499;16584;15148;14652;32262;22702;13867;14723;9802;16179;12255;32262;92804;16653;14526;11782;16584;13422;15667;11499;30850;13430
44;28.10.2022;13625;12967;14169;19230;19165;16767;35920;25569;16455;17145;10977;20051;13704;35920;97661;19286;16714;12967;19230;13982;18656;14169;34430;17689
44;29.10.2022;11651;12241;11888;15872;15903;14243;31217;20155;14859;13373;9466;16642;11586;31217;72606;16577;14200;12241;15872;10002;15238;11888;26999;14671
45;30.10.2022;10622;10226;10390;13995;11727;11851;28039;16617;13036;11477;8870;11777;9796;28039;62385;13405;12667;10226;13995;7605;13845;10390;21681;11643
45;31.10.2022;11716;10713;10269;14028;12429;11863;28615;18026;12119;11303;9385;12327;10958;28615;69932;12917;14435;10713;14028;9988;13231;10269;24287;12600
45;01.11.2022;9454;8609;10050;12155;11261;10019;20739;14639;10923;9987;8233;12036;9847;20739;56479;10769;10879;8609;12155;7364;11297;10050;18558;9970
45;02.11.2022;12454;11143;11497;15652;14614;13426;29768;22078;12607;14273;9857;15458;12416;29768;88072;15939;15483;11143;15652;11578;15702;11497;29489;13207
45;03.11.2022;11829;11149;10552;15585;13637;12958;29454;21664;12311;13688;9296;14449;11769;29454;87840;14829;14783;11149;15585;11651;14642;10552;29398;12284
45;04.11.2022;12445;11741;11654;16442;15293;13898;30999;22693;13579;14351;9708;16085;12798;30999;87298;16045;15639;11741;16442;11618;15493;11654;30770;13973
45;05.11.2022;9385;9851;8067;11825;12440;10654;22641;15496;10825;9210;7362;13164;9787;22641;59087;12059;11744;9851;11825;8466;10316;8067;21150;11235
46;06.11.2022;7518;8271;8105;11262;12466;10339;20042;14062;10953;9314;6182;13658;8411;20042;52920;12485;9076;8271;11262;6351;9903;8105;18603;10480
46;07.11.2022;11481;10695;9845;14382;13685;12659;28653;20915;12061;12815;8962;14725;11777;28653;85900;14783;14420;10695;14382;10926;14155;9845;28477;11951
46;08.11.2022;11575;11080;10098;15029;12943;12330;27587;20978;11786;13126;9131;13926;11929;27587;87276;14208;14426;11080;15029;10824;13916;10098;28360;11304
46;09.11.2022;11869;11366;10709;15496;13411;12689;28926;21507;12132;13603;9348;14357;12227;28926;89915;14687;14811;11366;15496;11048;14746;10709;28859;11834
46;10.11.2022;13439;12279;14433;19438;15786;15128;31349;25235;14756;17712;10592;16298;13566;31349;95898;17653;16760;12279;19438;12447;18229;14433;33069;14931
46;11.11.2022;7874;8729;10022;13084;14079;11463;22052;15516;12346;11511;6401;15045;9012;22052;56476;12293;9593;8729;13084;8737;11493;10022;19723;12468
46;12.11.2022;9322;10047;8062;11763;11097;10268;23724;14532;10837;8773;7296;11278;9132;23724;56878;10611;11685;10047;11763;8767;10076;8062;19618;10796
47;13.11.2022;9102;9324;13060;16263;13753;11639;24216;17630;12163;14583;7337;14252;9727;24216;59721;14402;11161;9324;16263;6994;14328;13060;21441;12922
47;14.11.2022;11735;11238;10768;15305;14042;13010;28986;21704;12228;13815;9174;15116;12092;28986;86661;15245;14723;11238;15305;11462;14935;10768;29277;12253
47;15.11.2022;11627;11576;10086;14850;12991;12243;28449;20997;12133;13102;9064;14013;11923;28449;87778;14355;14618;11576;14850;10281;14170;10086;28348;11288
47;16.11.2022;11458;11351;10110;15119;12889;12124;27675;21187;11980;13273;9002;13827;11687;27675;88732;14173;14323;11351;15119;10274;14073;10110;28723;11325
47;17.11.2022;11554;11722;10347;15534;13578;12686;28830;21779;12331;13717;9190;14627;11929;28830;88930;14978;14311;11722;15534;10883;14425;10347;29592;11828
47;18.11.2022;12336;11635;11661;16508;15388;13357;29719;23021;13379;14572;9697;16386;12831;29719;90483;15838;15414;11635;16508;10846;15686;11661;31192;13725
47;19.11.2022;9038;9672;7543;10916;10710;9393;22393;14852;9800;8652;7150;11768;9479;22393;60869;10837;11240;9672;10916;7392;10435;7543;20089;8947
48;20.11.2022;7048;7986;7646;9935;10302;8455;18686;12841;8993;8489;5823;11231;7781;18686;50124;10600;8479;7986;9935;5570;9761;7646;16750;8754
48;21.11.2022;11175;10818;9513;14006;12971;11277;30095;20277;11293;12295;8783;14098;11449;30095;83449;12683;13966;10818;14006;9847;13832;9513;27655;11091
48;22.11.2022;11045;11254;9331;13962;12200;11437;29118;19916;11061;12205;8767;13386;10961;29118;84095;13724;13704;11254;13962;9669;13224;9331;27169;10222
48;23.11.2022;11236;11119;9883;14704;12599;11617;30121;20672;11373;12764;8832;13777;11355;30121;85767;13916;14041;11119;14704;9655;13917;9883;28156;10636
48;24.11.2022;11264;10845;10130;15055;13366;12298;30392;21031;12025;13210;8794;14518;11391;30392;81650;14757;14145;10845;15055;10216;13857;10130;28809;11445
48;25.11.2022;12315;11852;11782;16642;15312;13260;32514;22809;13387;14661;9664;16363;12620;32514;89359;15839;15408;11852;16642;10507;15393;11782;30825;13559
48;26.11.2022;8724;9068;7179;11036;10662;9038;23024;14297;9391;8441;6840;11432;8964;23024;59409;10366;10923;9068;11036;7227;9394;7179;19426;9380
49;27.11.2022;7116;7806;7722;10690;10278;8227;19979;13085;8688;8691;5799;11042;7644;19979;50006;10515;8653;7806;10690;5306;9243;7722;17321;9006
49;28.11.2022;11266;10962;9821;14312;13102;12074;30149;20834;11774;12723;8880;13999;11828;30149;85082;14692;14049;10962;14312;9868;13939;9821;28414;11607
49;29.11.2022;11251;11353;9685;14473;12662;11606;29813;20423;11262;12650;8888;13768;11389;29813;79015;13868;14008;11353;14473;9817;13650;9685;27960;10818
49;30.11.2022;11221;11115;9657;14486;12835;11637;29505;20563;11481;12691;8826;13990;11191;29505;87275;13886;14014;11115;14486;9603;13526;9657;28042;10911
49;01.12.2022;11251;11138;9597;15642;13461;13179;30622;21143;11715;12977;8916;14776;12007;30622;80150;13833;13974;11138;15642;14109;14037;9597;28711;11415
49;02.12.2022;12143;11786;10936;17145;15160;14034;32263;22653;12920;14083;9654;16470;12837;32263;84464;14444;15047;11786;17145;14813;15282;10936;30646;13122
49;03.12.2022;9086;9202;6962;11521;10999;10176;24528;14758;9612;8382;7089;11912;9776;24528;58592;10030;11417;9202;11521;10861;10037;6962;19954;9578
50;04.12.2022;7125;7764;6981;10576;10133;8232;19926;12844;8479;8302;5891;11168;8371;19926;50290;9568;8565;7764;10576;6757;9276;6981;16632;8524
50;05.12.2022;11282;10989;9275;14920;12737;12472;30369;20407;11402;12323;8867;13673;11915;30369;79887;13347;14100;10989;14920;12863;13680;9275;27637;11280
50;06.12.2022;11073;10458;8998;15136;12489;11879;29270;20008;11059;12335;8698;13785;11547;29270;68417;12587;13845;10458;15136;12121;13194;8998;27364;10475
50;07.12.2022;11081;10381;9224;16719;12750;12469;30176;20580;11226;12887;8740;14105;11589;30176;76887;12826;13812;10381;16719;13420;13479;9224;27881;10641
50;08.12.2022;11438;10994;9559;15857;13229;13116;31238;21367;11802;13303;9033;14665;12188;31238;80515;13390;14243;10994;15857;14206;14239;9559;28878;10996
50;09.12.2022;12119;11663;10101;17397;15144;14043;32706;22660;13079;14149;9570;16630;13110;32706;81208;14712;15093;11663;17397;14458;15530;10101;30601;12832
50;10.12.2022;9005;9851;6829;13044;11343;10050;24183;15095;9384;8668;7063;12530;9978;24183;57188;10014;11271;9851;13044;10745;9906;6829;20527;9498
51;11.12.2022;5924;6631;6668;12616;9990;8612;18856;13317;8547;8546;4569;10826;8728;18856;42366;9462;7648;6631;12616;7919;8403;6668;17880;8689
51;12.12.2022;9873;7253;8004;14705;12295;11239;26163;19727;10335;12134;7570;13359;10896;26163;69114;12157;12561;7253;14705;11408;11932;8004;27310;10639
51;13.12.2022;10411;10379;7947;15050;12459;11940;27789;20053;10686;12127;8218;13816;11488;27789;73289;12223;12968;10379;15050;12961;12176;7947;27359;10349
51;14.12.2022;10713;10838;8427;15441;12815;11926;27520;20335;10870;12544;8401;14223;10839;27520;77862;12327;13410;10838;15441;12653;12449;8427;27969;10625
51;15.12.2022;11246;10967;8924;15907;13658;12685;29957;21281;11371;12959;8839;15187;11939;29957;76406;13522;14055;10967;15907;13312;13692;8924;28921;11278
51;16.12.2022;11390;12117;9584;16577;15944;12886;30122;22066;12789;13432;8425;17856;12150;30122;72729;13507;14850;12117;16577;12474;13665;9584;30748;12971
51;17.12.2022;8420;10239;6297;11886;14064;10573;22977;15531;10783;8542;6226;16489;9686;22977;52327;11674;10980;10239;11886;9462;8948;6297;22040;10292
52;18.12.2022;7386;8796;6129;10724;10723;8518;20777;13134;8621;7737;5580;11782;9106;20777;45097;9616;9342;8796;10724;7417;8723;6129;17606;8870
52;19.12.2022;11169;11013;8659;15181;12718;11937;29767;20251;10836;12219;8411;13879;11958;29767;74889;13393;14156;11013;15181;11983;13178;8659;27339;10687
52;20.12.2022;11370;10227;7767;15729;13815;12703;30492;20816;11630;12474;8517;15346;12048;30492;75180;13076;14460;10227;15729;13469;13314;7767;28335;11433
52;21.12.2022;12231;12103;9293;16797;15777;14094;32159;22386;12997;13573;9363;17700;12693;32159;78370;14795;15338;12103;16797;14669;14284;9293;30527;12786
52;22.12.2022;13092;12433;10249;17907;18338;14936;33618;23837;14016;14539;10153;20755;14061;33618;80302;16673;16276;12433;17907;14434;15650;10249;32328;14577
52;23.12.2022;12450;11736;10925;18841;18106;13901;30592;22141;13551;14383;9958;20494;12586;30592;65513;16035;15151;11736;18841;12505;15137;10925;30088;14391
52;24.12.2022;8676;8246;6977;11459;8463;7156;19336;12250;7368;7801;7501;9410;8737;19336;50504;8069;9948;8246;11459;6195;9007;6977;15476;6990
53;25.12.2022;6880;5874;5768;9624;5264;5621;15449;9635;5880;6689;6146;5251;6052;15449;39665;5978;7676;5874;9624;5071;7531;5768;11908;5285
53;26.12.2022;7913;6736;7718;13043;8418;7705;19799;12721;8260;9289;6757;8662;8137;19799;46813;8668;9165;6736;13043;6228;10228;7718;15511;8039
53;27.12.2022;10889;9651;9618;17285;12355;11768;28626;18710;11363;13071;8752;12603;10718;28626;66358;12448;13204;9651;17285;11604;14410;9618;24040;11970
53;28.12.2022;11618;10207;9291;16990;11764;11919;30190;18796;11157;12587;9282;11967;10757;30190;68857;12271;14149;10207;16990;12440;14320;9291;24478;11449
53;29.12.2022;11507;10196;9069;17161;12107;12067;30643;18427;11535;12601;9094;12275;11697;30643;67860;12110;14121;10196;17161;12613;14105;9069;23401;11845
53;30.12.2022;11136;10105;9805;18208;13413;12383;30249;18786;12490;13189;8744;13499;11163;30249;65746;12460;13727;10105;18208;12197;14223;9805;24062;13279
53;31.12.2022;6631;5239;5224;9782;7204;6631;18950;9267;6746;6556;5102;7378;6045;18950;36184;6896;8438;5239;9782;6122;7304;5224;11486;6914
